From_Year,For_Years,Space,Country,p_up,p_same,p_down
2022,2023 - 2024,Associational,Afghanistan,0.448,0.398,0.28
2022,2023 - 2024,Associational,Albania,0.116,0.752,0.15
2022,2023 - 2024,Associational,Algeria,0.218,0.352,0.55
2022,2023 - 2024,Associational,Angola,0.477,0.455,0.13
2022,2023 - 2024,Associational,Argentina,0.04,0.848,0.116
2022,2023 - 2024,Associational,Armenia,0.27,0.584,0.2
2022,2023 - 2024,Associational,Australia,0.6,0.362,0.096
2022,2023 - 2024,Associational,Austria,0.184,0.498,0.39
2022,2023 - 2024,Associational,Azerbaijan,0.487,0.341,0.336
2022,2023 - 2024,Associational,Bangladesh,0.625,0.242,0.355
2022,2023 - 2024,Associational,Barbados,0.022,0.955,0.024
2022,2023 - 2024,Associational,Belarus,0.362,0.638,0
2022,2023 - 2024,Associational,Belgium,0.005,0.969,0.025
2022,2023 - 2024,Associational,Benin,0.292,0.521,0.263
2022,2023 - 2024,Associational,Bhutan,0.182,0.497,0.392
2022,2023 - 2024,Associational,Bolivia,0.39,0.228,0.626
2022,2023 - 2024,Associational,Bosnia-Herzegovina,0.088,0.803,0.12
2022,2023 - 2024,Associational,Botswana,0.3,0.596,0.148
2022,2023 - 2024,Associational,Brazil,0.34,0.443,0.329
2022,2023 - 2024,Associational,Bulgaria,0.163,0.612,0.268
2022,2023 - 2024,Associational,Burkina Faso,0.268,0.584,0.202
2022,2023 - 2024,Associational,Burundi,0.342,0.559,0.15
2022,2023 - 2024,Associational,CAR,0.551,0.292,0.349
2022,2023 - 2024,Associational,Cambodia,0.176,0.331,0.599
2022,2023 - 2024,Associational,Cameroon,0.438,0.467,0.169
2022,2023 - 2024,Associational,Canada,0.128,0.756,0.133
2022,2023 - 2024,Associational,Cape Verde,0.032,0.907,0.064
2022,2023 - 2024,Associational,Chad,0.345,0.433,0.338
2022,2023 - 2024,Associational,Chile,0.347,0.378,0.421
2022,2023 - 2024,Associational,China,0.138,0.862,0
2022,2023 - 2024,Associational,Colombia,0.406,0.246,0.586
2022,2023 - 2024,Associational,Comoros,0.151,0.477,0.438
2022,2023 - 2024,Associational,Congo,0.304,0.427,0.386
2022,2023 - 2024,Associational,Costa Rica,0.013,0.902,0.086
2022,2023 - 2024,Associational,Cote D'Ivoire,0.416,0.439,0.249
2022,2023 - 2024,Associational,Croatia,0.184,0.726,0.11
2022,2023 - 2024,Associational,Cuba,0.103,0.897,0
2022,2023 - 2024,Associational,Cyprus,0.188,0.713,0.122
2022,2023 - 2024,Associational,Czech Republic,0.038,0.854,0.112
2022,2023 - 2024,Associational,DR Congo,0.222,0.485,0.378
2022,2023 - 2024,Associational,Denmark,0,0.966,0.034
2022,2023 - 2024,Associational,Djibouti,0.056,0.879,0.068
2022,2023 - 2024,Associational,Dominican Republic,0.103,0.722,0.196
2022,2023 - 2024,Associational,East Timor,0.174,0.747,0.096
2022,2023 - 2024,Associational,Ecuador,0.421,0.401,0.308
2022,2023 - 2024,Associational,Egypt,0.172,0.783,0.054
2022,2023 - 2024,Associational,El Salvador,0.4,0.326,0.457
2022,2023 - 2024,Associational,Equatorial Guinea,0.163,0.478,0.429
2022,2023 - 2024,Associational,Eritrea,0.08,0.912,0.008
2022,2023 - 2024,Associational,Estonia,0,0.982,0.018
2022,2023 - 2024,Associational,Ethiopia,0.348,0.537,0.176
2022,2023 - 2024,Associational,Fiji,0.257,0.538,0.276
2022,2023 - 2024,Associational,Finland,0.124,0.794,0.093
2022,2023 - 2024,Associational,France,0.104,0.644,0.281
2022,2023 - 2024,Associational,Gabon,0.2,0.62,0.224
2022,2023 - 2024,Associational,Gambia,0.114,0.781,0.119
2022,2023 - 2024,Associational,Georgia,0.082,0.799,0.13
2022,2023 - 2024,Associational,Germany,0.05,0.885,0.068
2022,2023 - 2024,Associational,Ghana,0.209,0.469,0.407
2022,2023 - 2024,Associational,Greece,0.226,0.644,0.167
2022,2023 - 2024,Associational,Guatemala,0.338,0.327,0.506
2022,2023 - 2024,Associational,Guinea,0.314,0.567,0.174
2022,2023 - 2024,Associational,Guinea-Bissau,0.161,0.761,0.094
2022,2023 - 2024,Associational,Guyana,0.196,0.656,0.184
2022,2023 - 2024,Associational,Haiti,0.277,0.58,0.198
2022,2023 - 2024,Associational,Honduras,0.113,0.693,0.219
2022,2023 - 2024,Associational,Hungary,0.221,0.584,0.25
2022,2023 - 2024,Associational,Iceland,0.047,0.905,0.051
2022,2023 - 2024,Associational,India,0.204,0.55,0.309
2022,2023 - 2024,Associational,Indonesia,0.364,0.476,0.251
2022,2023 - 2024,Associational,Iran,0.376,0.404,0.352
2022,2023 - 2024,Associational,Iraq,0.167,0.567,0.32
2022,2023 - 2024,Associational,Ireland,0.002,0.991,0.007
2022,2023 - 2024,Associational,Israel,0.339,0.596,0.098
2022,2023 - 2024,Associational,Italy,0.074,0.825,0.108
2022,2023 - 2024,Associational,Jamaica,0,0.991,0.01
2022,2023 - 2024,Associational,Japan,0,0.953,0.047
2022,2023 - 2024,Associational,Jordan,0.155,0.617,0.27
2022,2023 - 2024,Associational,Kazakhstan,0.337,0.502,0.243
2022,2023 - 2024,Associational,Kenya,0.188,0.657,0.19
2022,2023 - 2024,Associational,Kosovo,0.27,0.377,0.483
2022,2023 - 2024,Associational,Kuwait,0.134,0.738,0.148
2022,2023 - 2024,Associational,Kyrgyzstan,0.376,0.37,0.406
2022,2023 - 2024,Associational,Laos,0.094,0.764,0.157
2022,2023 - 2024,Associational,Latvia,0.02,0.941,0.04
2022,2023 - 2024,Associational,Lebanon,0.448,0.455,0.177
2022,2023 - 2024,Associational,Lesotho,0.214,0.589,0.25
2022,2023 - 2024,Associational,Liberia,0.033,0.898,0.072
2022,2023 - 2024,Associational,Libya,0.25,0.476,0.364
2022,2023 - 2024,Associational,Lithuania,0.068,0.847,0.091
2022,2023 - 2024,Associational,Luxembourg,0,0.984,0.016
2022,2023 - 2024,Associational,Madagascar,0.074,0.872,0.059
2022,2023 - 2024,Associational,Malawi,0.237,0.573,0.248
2022,2023 - 2024,Associational,Malaysia,0.25,0.61,0.187
2022,2023 - 2024,Associational,Maldives,0.476,0.223,0.574
2022,2023 - 2024,Associational,Mali,0.376,0.463,0.258
2022,2023 - 2024,Associational,Mauritania,0.501,0.314,0.372
2022,2023 - 2024,Associational,Mauritius,0.227,0.625,0.192
2022,2023 - 2024,Associational,Mexico,0.434,0.202,0.643
2022,2023 - 2024,Associational,Moldova,0.107,0.722,0.192
2022,2023 - 2024,Associational,Mongolia,0.266,0.465,0.366
2022,2023 - 2024,Associational,Montenegro,0.262,0.609,0.175
2022,2023 - 2024,Associational,Morocco,0.182,0.693,0.152
2022,2023 - 2024,Associational,Mozambique,0.178,0.426,0.482
2022,2023 - 2024,Associational,Myanmar,0.384,0.495,0.196
2022,2023 - 2024,Associational,Namibia,0.03,0.901,0.07
2022,2023 - 2024,Associational,Nepal,0.21,0.525,0.335
2022,2023 - 2024,Associational,Netherlands,0.213,0.72,0.084
2022,2023 - 2024,Associational,New Zealand,0.02,0.914,0.068
2022,2023 - 2024,Associational,Nicaragua,0.464,0.3,0.44
2022,2023 - 2024,Associational,Niger,0.191,0.599,0.26
2022,2023 - 2024,Associational,Nigeria,0.248,0.452,0.399
2022,2023 - 2024,Associational,North Korea,0.064,0.935,0
2022,2023 - 2024,Associational,North Macedonia,0.319,0.362,0.469
2022,2023 - 2024,Associational,Norway,0,0.961,0.039
2022,2023 - 2024,Associational,Oman,0.011,0.978,0.012
2022,2023 - 2024,Associational,Pakistan,0.593,0.309,0.241
2022,2023 - 2024,Associational,Panama,0.124,0.588,0.328
2022,2023 - 2024,Associational,Papua New Guinea,0.081,0.798,0.132
2022,2023 - 2024,Associational,Paraguay,0.122,0.741,0.156
2022,2023 - 2024,Associational,Peru,0.213,0.458,0.418
2022,2023 - 2024,Associational,Philippines,0.156,0.511,0.395
2022,2023 - 2024,Associational,Poland,0.178,0.69,0.16
2022,2023 - 2024,Associational,Portugal,0.155,0.646,0.236
2022,2023 - 2024,Associational,Qatar,0.01,0.984,0.006
2022,2023 - 2024,Associational,Romania,0.462,0.406,0.244
2022,2023 - 2024,Associational,Russia,0.274,0.4,0.449
2022,2023 - 2024,Associational,Rwanda,0.138,0.77,0.106
2022,2023 - 2024,Associational,Saudi Arabia,0.005,0.989,0.006
2022,2023 - 2024,Associational,Senegal,0.025,0.899,0.077
2022,2023 - 2024,Associational,Serbia,0.23,0.668,0.133
2022,2023 - 2024,Associational,Sierra Leone,0.097,0.729,0.193
2022,2023 - 2024,Associational,Singapore,0.068,0.891,0.044
2022,2023 - 2024,Associational,Slovakia,0.201,0.708,0.114
2022,2023 - 2024,Associational,Slovenia,0.231,0.424,0.449
2022,2023 - 2024,Associational,Solomon Islands,0.08,0.669,0.273
2022,2023 - 2024,Associational,Somalia,0.364,0.211,0.668
2022,2023 - 2024,Associational,South Africa,0.061,0.785,0.164
2022,2023 - 2024,Associational,South Korea,0.401,0.446,0.255
2022,2023 - 2024,Associational,South Sudan,0.449,0.386,0.3
2022,2023 - 2024,Associational,Spain,0,0.881,0.12
2022,2023 - 2024,Associational,Sri Lanka,0.51,0.244,0.501
2022,2023 - 2024,Associational,Sudan,0.512,0.316,0.352
2022,2023 - 2024,Associational,Surinam,0,0.936,0.064
2022,2023 - 2024,Associational,Swaziland,0.043,0.183,0.809
2022,2023 - 2024,Associational,Sweden,0.012,0.922,0.066
2022,2023 - 2024,Associational,Switzerland,0,0.991,0.009
2022,2023 - 2024,Associational,Syria,0.203,0.767,0.038
2022,2023 - 2024,Associational,Taiwan,0.024,0.92,0.058
2022,2023 - 2024,Associational,Tajikistan,0.141,0.789,0.082
2022,2023 - 2024,Associational,Tanzania,0.502,0.418,0.16
2022,2023 - 2024,Associational,Thailand,0.64,0.214,0.406
2022,2023 - 2024,Associational,Togo,0.148,0.458,0.462
2022,2023 - 2024,Associational,Trinidad and Tobago,0.021,0.938,0.041
2022,2023 - 2024,Associational,Tunisia,0.472,0.317,0.399
2022,2023 - 2024,Associational,Turkey,0.336,0.562,0.154
2022,2023 - 2024,Associational,Turkmenistan,0.063,0.937,0
2022,2023 - 2024,Associational,UK,0.039,0.899,0.064
2022,2023 - 2024,Associational,USA,0,0.871,0.129
2022,2023 - 2024,Associational,Uganda,0.37,0.483,0.232
2022,2023 - 2024,Associational,Ukraine,0.604,0.246,0.378
2022,2023 - 2024,Associational,United Arab Emirates,0.015,0.971,0.014
2022,2023 - 2024,Associational,Uruguay,0.146,0.715,0.162
2022,2023 - 2024,Associational,Uzbekistan,0.218,0.712,0.09
2022,2023 - 2024,Associational,Venezuela,0.258,0.588,0.208
2022,2023 - 2024,Associational,Vietnam,0.21,0.431,0.455
2022,2023 - 2024,Associational,Yemen,0.374,0.489,0.218
2022,2023 - 2024,Associational,Zambia,0.157,0.596,0.293
2022,2023 - 2024,Associational,Zimbabwe,0.116,0.554,0.374
2022,2023 - 2024,Economic,Afghanistan,0.364,0.345,0.458
2022,2023 - 2024,Economic,Albania,0.474,0.408,0.223
2022,2023 - 2024,Economic,Algeria,0.22,0.656,0.158
2022,2023 - 2024,Economic,Angola,0.505,0.427,0.138
2022,2023 - 2024,Economic,Argentina,0.122,0.748,0.148
2022,2023 - 2024,Economic,Armenia,0.269,0.463,0.366
2022,2023 - 2024,Economic,Australia,0,0.976,0.024
2022,2023 - 2024,Economic,Austria,0.262,0.391,0.47
2022,2023 - 2024,Economic,Azerbaijan,0.374,0.439,0.298
2022,2023 - 2024,Economic,Bangladesh,0.246,0.383,0.492
2022,2023 - 2024,Economic,Barbados,0.127,0.793,0.091
2022,2023 - 2024,Economic,Belarus,0.22,0.588,0.246
2022,2023 - 2024,Economic,Belgium,0,0.99,0.011
2022,2023 - 2024,Economic,Benin,0.28,0.321,0.554
2022,2023 - 2024,Economic,Bhutan,0.172,0.623,0.248
2022,2023 - 2024,Economic,Bolivia,0.513,0.315,0.354
2022,2023 - 2024,Economic,Bosnia-Herzegovina,0.166,0.71,0.149
2022,2023 - 2024,Economic,Botswana,0.294,0.439,0.378
2022,2023 - 2024,Economic,Brazil,0.282,0.509,0.292
2022,2023 - 2024,Economic,Bulgaria,0.38,0.359,0.421
2022,2023 - 2024,Economic,Burkina Faso,0.28,0.551,0.234
2022,2023 - 2024,Economic,Burundi,0.284,0.576,0.195
2022,2023 - 2024,Economic,CAR,0.242,0.564,0.256
2022,2023 - 2024,Economic,Cambodia,0.096,0.813,0.1
2022,2023 - 2024,Economic,Cameroon,0.468,0.378,0.29
2022,2023 - 2024,Economic,Canada,0,0.884,0.116
2022,2023 - 2024,Economic,Cape Verde,0.088,0.765,0.161
2022,2023 - 2024,Economic,Chad,0.218,0.706,0.098
2022,2023 - 2024,Economic,Chile,0.08,0.742,0.193
2022,2023 - 2024,Economic,China,0.448,0.495,0.103
2022,2023 - 2024,Economic,Colombia,0.379,0.372,0.4
2022,2023 - 2024,Economic,Comoros,0.455,0.399,0.267
2022,2023 - 2024,Economic,Congo,0.136,0.735,0.149
2022,2023 - 2024,Economic,Costa Rica,0.085,0.857,0.063
2022,2023 - 2024,Economic,Cote D'Ivoire,0.418,0.295,0.493
2022,2023 - 2024,Economic,Croatia,0.188,0.675,0.169
2022,2023 - 2024,Economic,Cuba,0.061,0.87,0.074
2022,2023 - 2024,Economic,Cyprus,0.113,0.771,0.13
2022,2023 - 2024,Economic,Czech Republic,0.393,0.565,0.07
2022,2023 - 2024,Economic,DR Congo,0.354,0.54,0.164
2022,2023 - 2024,Economic,Denmark,0,0.99,0.01
2022,2023 - 2024,Economic,Djibouti,0.053,0.414,0.563
2022,2023 - 2024,Economic,Dominican Republic,0.272,0.525,0.279
2022,2023 - 2024,Economic,East Timor,0.124,0.75,0.144
2022,2023 - 2024,Economic,Ecuador,0.227,0.382,0.506
2022,2023 - 2024,Economic,Egypt,0.094,0.82,0.096
2022,2023 - 2024,Economic,El Salvador,0.336,0.503,0.243
2022,2023 - 2024,Economic,Equatorial Guinea,0.082,0.849,0.076
2022,2023 - 2024,Economic,Eritrea,0.143,0.68,0.206
2022,2023 - 2024,Economic,Estonia,0.02,0.958,0.022
2022,2023 - 2024,Economic,Ethiopia,0.218,0.594,0.24
2022,2023 - 2024,Economic,Fiji,0.14,0.563,0.346
2022,2023 - 2024,Economic,Finland,0,0.956,0.044
2022,2023 - 2024,Economic,France,0.039,0.863,0.102
2022,2023 - 2024,Economic,Gabon,0.406,0.452,0.239
2022,2023 - 2024,Economic,Gambia,0.361,0.478,0.252
2022,2023 - 2024,Economic,Georgia,0.154,0.678,0.198
2022,2023 - 2024,Economic,Germany,0,0.97,0.03
2022,2023 - 2024,Economic,Ghana,0.166,0.721,0.136
2022,2023 - 2024,Economic,Greece,0.24,0.474,0.376
2022,2023 - 2024,Economic,Guatemala,0.264,0.439,0.404
2022,2023 - 2024,Economic,Guinea,0.26,0.627,0.154
2022,2023 - 2024,Economic,Guinea-Bissau,0.156,0.774,0.084
2022,2023 - 2024,Economic,Guyana,0.234,0.641,0.164
2022,2023 - 2024,Economic,Haiti,0.354,0.496,0.233
2022,2023 - 2024,Economic,Honduras,0.338,0.497,0.25
2022,2023 - 2024,Economic,Hungary,0.214,0.647,0.176
2022,2023 - 2024,Economic,Iceland,0,0.962,0.038
2022,2023 - 2024,Economic,India,0.157,0.307,0.636
2022,2023 - 2024,Economic,Indonesia,0.474,0.338,0.356
2022,2023 - 2024,Economic,Iran,0.237,0.637,0.165
2022,2023 - 2024,Economic,Iraq,0.289,0.605,0.149
2022,2023 - 2024,Economic,Ireland,0,0.994,0.006
2022,2023 - 2024,Economic,Israel,0.332,0.474,0.291
2022,2023 - 2024,Economic,Italy,0.114,0.755,0.147
2022,2023 - 2024,Economic,Jamaica,0.011,0.963,0.026
2022,2023 - 2024,Economic,Japan,0.04,0.919,0.043
2022,2023 - 2024,Economic,Jordan,0.398,0.536,0.109
2022,2023 - 2024,Economic,Kazakhstan,0.29,0.634,0.106
2022,2023 - 2024,Economic,Kenya,0.294,0.496,0.296
2022,2023 - 2024,Economic,Kosovo,0.242,0.683,0.099
2022,2023 - 2024,Economic,Kuwait,0.322,0.585,0.137
2022,2023 - 2024,Economic,Kyrgyzstan,0.286,0.529,0.259
2022,2023 - 2024,Economic,Laos,0.398,0.377,0.374
2022,2023 - 2024,Economic,Latvia,0.226,0.681,0.121
2022,2023 - 2024,Economic,Lebanon,0.147,0.728,0.146
2022,2023 - 2024,Economic,Lesotho,0.252,0.541,0.278
2022,2023 - 2024,Economic,Liberia,0.12,0.828,0.06
2022,2023 - 2024,Economic,Libya,0.42,0.403,0.305
2022,2023 - 2024,Economic,Lithuania,0.202,0.566,0.291
2022,2023 - 2024,Economic,Luxembourg,0,0.985,0.016
2022,2023 - 2024,Economic,Madagascar,0.138,0.765,0.113
2022,2023 - 2024,Economic,Malawi,0.494,0.387,0.235
2022,2023 - 2024,Economic,Malaysia,0.188,0.617,0.24
2022,2023 - 2024,Economic,Maldives,0.352,0.539,0.167
2022,2023 - 2024,Economic,Mali,0.328,0.525,0.219
2022,2023 - 2024,Economic,Mauritania,0.352,0.472,0.272
2022,2023 - 2024,Economic,Mauritius,0.164,0.674,0.194
2022,2023 - 2024,Economic,Mexico,0.617,0.246,0.356
2022,2023 - 2024,Economic,Moldova,0.339,0.433,0.345
2022,2023 - 2024,Economic,Mongolia,0.262,0.477,0.354
2022,2023 - 2024,Economic,Montenegro,0.442,0.448,0.198
2022,2023 - 2024,Economic,Morocco,0.133,0.744,0.142
2022,2023 - 2024,Economic,Mozambique,0.146,0.788,0.078
2022,2023 - 2024,Economic,Myanmar,0.345,0.462,0.295
2022,2023 - 2024,Economic,Namibia,0.103,0.34,0.621
2022,2023 - 2024,Economic,Nepal,0.432,0.413,0.274
2022,2023 - 2024,Economic,Netherlands,0,0.959,0.041
2022,2023 - 2024,Economic,New Zealand,0,0.98,0.02
2022,2023 - 2024,Economic,Nicaragua,0.512,0.246,0.496
2022,2023 - 2024,Economic,Niger,0.224,0.607,0.217
2022,2023 - 2024,Economic,Nigeria,0.256,0.459,0.383
2022,2023 - 2024,Economic,North Korea,0.194,0.611,0.242
2022,2023 - 2024,Economic,North Macedonia,0.14,0.737,0.144
2022,2023 - 2024,Economic,Norway,0,0.983,0.017
2022,2023 - 2024,Economic,Oman,0.021,0.965,0.015
2022,2023 - 2024,Economic,Pakistan,0.432,0.421,0.259
2022,2023 - 2024,Economic,Panama,0.492,0.441,0.133
2022,2023 - 2024,Economic,Papua New Guinea,0.192,0.507,0.372
2022,2023 - 2024,Economic,Paraguay,0.231,0.698,0.092
2022,2023 - 2024,Economic,Peru,0.403,0.354,0.407
2022,2023 - 2024,Economic,Philippines,0.132,0.565,0.35
2022,2023 - 2024,Economic,Poland,0.143,0.687,0.199
2022,2023 - 2024,Economic,Portugal,0.178,0.686,0.166
2022,2023 - 2024,Economic,Qatar,0.047,0.94,0.014
2022,2023 - 2024,Economic,Romania,0.464,0.412,0.231
2022,2023 - 2024,Economic,Russia,0.235,0.517,0.324
2022,2023 - 2024,Economic,Rwanda,0.114,0.525,0.408
2022,2023 - 2024,Economic,Saudi Arabia,0.928,0.071,0.012
2022,2023 - 2024,Economic,Senegal,0.317,0.549,0.196
2022,2023 - 2024,Economic,Serbia,0.516,0.333,0.312
2022,2023 - 2024,Economic,Sierra Leone,0.469,0.443,0.166
2022,2023 - 2024,Economic,Singapore,0,0.953,0.047
2022,2023 - 2024,Economic,Slovakia,0.222,0.681,0.124
2022,2023 - 2024,Economic,Slovenia,0.281,0.399,0.444
2022,2023 - 2024,Economic,Solomon Islands,0.15,0.76,0.106
2022,2023 - 2024,Economic,Somalia,0.312,0.511,0.257
2022,2023 - 2024,Economic,South Africa,0.354,0.362,0.439
2022,2023 - 2024,Economic,South Korea,0.147,0.709,0.168
2022,2023 - 2024,Economic,South Sudan,0.286,0.505,0.292
2022,2023 - 2024,Economic,Spain,0.046,0.864,0.095
2022,2023 - 2024,Economic,Sri Lanka,0.382,0.484,0.216
2022,2023 - 2024,Economic,Sudan,0.366,0.396,0.375
2022,2023 - 2024,Economic,Surinam,0.118,0.623,0.293
2022,2023 - 2024,Economic,Swaziland,0.785,0.079,0.632
2022,2023 - 2024,Economic,Sweden,0,0.992,0.009
2022,2023 - 2024,Economic,Switzerland,0,0.995,0.005
2022,2023 - 2024,Economic,Syria,0.215,0.502,0.36
2022,2023 - 2024,Economic,Taiwan,0.078,0.719,0.221
2022,2023 - 2024,Economic,Tajikistan,0.529,0.284,0.397
2022,2023 - 2024,Economic,Tanzania,0.547,0.228,0.495
2022,2023 - 2024,Economic,Thailand,0.152,0.726,0.144
2022,2023 - 2024,Economic,Togo,0.188,0.579,0.286
2022,2023 - 2024,Economic,Trinidad and Tobago,0.382,0.541,0.124
2022,2023 - 2024,Economic,Tunisia,0.38,0.342,0.448
2022,2023 - 2024,Economic,Turkey,0.108,0.77,0.137
2022,2023 - 2024,Economic,Turkmenistan,0.053,0.87,0.081
2022,2023 - 2024,Economic,UK,0,0.947,0.053
2022,2023 - 2024,Economic,USA,0.37,0.447,0.29
2022,2023 - 2024,Economic,Uganda,0.142,0.562,0.345
2022,2023 - 2024,Economic,Ukraine,0.51,0.293,0.402
2022,2023 - 2024,Economic,United Arab Emirates,0.016,0.98,0.004
2022,2023 - 2024,Economic,Uruguay,0.104,0.697,0.222
2022,2023 - 2024,Economic,Uzbekistan,0.191,0.39,0.518
2022,2023 - 2024,Economic,Venezuela,0.222,0.778,0
2022,2023 - 2024,Economic,Vietnam,0.224,0.636,0.18
2022,2023 - 2024,Economic,Yemen,0.221,0.346,0.555
2022,2023 - 2024,Economic,Zambia,0.363,0.393,0.383
2022,2023 - 2024,Economic,Zimbabwe,0.25,0.349,0.534
2022,2023 - 2024,Electoral,Afghanistan,0.433,0.466,0.179
2022,2023 - 2024,Electoral,Albania,0.086,0.876,0.042
2022,2023 - 2024,Electoral,Algeria,0.053,0.895,0.054
2022,2023 - 2024,Electoral,Angola,0.049,0.915,0.038
2022,2023 - 2024,Electoral,Argentina,0,0.973,0.027
2022,2023 - 2024,Electoral,Armenia,0.056,0.717,0.24
2022,2023 - 2024,Electoral,Australia,0,0.999,0.001
2022,2023 - 2024,Electoral,Austria,0.004,0.985,0.011
2022,2023 - 2024,Electoral,Azerbaijan,0.044,0.911,0.047
2022,2023 - 2024,Electoral,Bangladesh,0.127,0.67,0.232
2022,2023 - 2024,Electoral,Barbados,0,0.995,0.004
2022,2023 - 2024,Electoral,Belarus,0.138,0.686,0.203
2022,2023 - 2024,Electoral,Belgium,0,1,0
2022,2023 - 2024,Electoral,Benin,0.215,0.675,0.141
2022,2023 - 2024,Electoral,Bhutan,0.048,0.858,0.1
2022,2023 - 2024,Electoral,Bolivia,0.148,0.597,0.3
2022,2023 - 2024,Electoral,Bosnia-Herzegovina,0.032,0.941,0.028
2022,2023 - 2024,Electoral,Botswana,0.059,0.864,0.082
2022,2023 - 2024,Electoral,Brazil,0.134,0.65,0.25
2022,2023 - 2024,Electoral,Bulgaria,0.008,0.955,0.037
2022,2023 - 2024,Electoral,Burkina Faso,0.268,0.529,0.278
2022,2023 - 2024,Electoral,Burundi,0.083,0.851,0.071
2022,2023 - 2024,Electoral,CAR,0.14,0.524,0.392
2022,2023 - 2024,Electoral,Cambodia,0.048,0.866,0.091
2022,2023 - 2024,Electoral,Cameroon,0.056,0.804,0.148
2022,2023 - 2024,Electoral,Canada,0,0.989,0.011
2022,2023 - 2024,Electoral,Cape Verde,0,0.986,0.014
2022,2023 - 2024,Electoral,Chad,0.528,0.257,0.456
2022,2023 - 2024,Electoral,Chile,0,0.936,0.064
2022,2023 - 2024,Electoral,China,0.186,0.799,0.019
2022,2023 - 2024,Electoral,Colombia,0.008,0.936,0.056
2022,2023 - 2024,Electoral,Comoros,0.081,0.734,0.202
2022,2023 - 2024,Electoral,Congo,0.073,0.872,0.059
2022,2023 - 2024,Electoral,Costa Rica,0,0.988,0.012
2022,2023 - 2024,Electoral,Cote D'Ivoire,0.106,0.754,0.157
2022,2023 - 2024,Electoral,Croatia,0.012,0.945,0.044
2022,2023 - 2024,Electoral,Cuba,0.082,0.901,0.018
2022,2023 - 2024,Electoral,Cyprus,0.001,0.985,0.015
2022,2023 - 2024,Electoral,Czech Republic,0,0.996,0.004
2022,2023 - 2024,Electoral,DR Congo,0.083,0.821,0.104
2022,2023 - 2024,Electoral,Denmark,0,1,0
2022,2023 - 2024,Electoral,Djibouti,0.015,0.961,0.024
2022,2023 - 2024,Electoral,Dominican Republic,0.03,0.929,0.043
2022,2023 - 2024,Electoral,East Timor,0.002,0.979,0.02
2022,2023 - 2024,Electoral,Ecuador,0.012,0.956,0.032
2022,2023 - 2024,Electoral,Egypt,0.056,0.889,0.059
2022,2023 - 2024,Electoral,El Salvador,0.198,0.487,0.392
2022,2023 - 2024,Electoral,Equatorial Guinea,0.032,0.922,0.048
2022,2023 - 2024,Electoral,Eritrea,0.082,0.918,0
2022,2023 - 2024,Electoral,Estonia,0,1,0
2022,2023 - 2024,Electoral,Ethiopia,0.228,0.669,0.134
2022,2023 - 2024,Electoral,Fiji,0.108,0.842,0.055
2022,2023 - 2024,Electoral,Finland,0,0.995,0.005
2022,2023 - 2024,Electoral,France,0,0.996,0.004
2022,2023 - 2024,Electoral,Gabon,0.123,0.824,0.06
2022,2023 - 2024,Electoral,Gambia,0.152,0.79,0.068
2022,2023 - 2024,Electoral,Georgia,0.09,0.881,0.032
2022,2023 - 2024,Electoral,Germany,0,0.999,0.001
2022,2023 - 2024,Electoral,Ghana,0.012,0.927,0.062
2022,2023 - 2024,Electoral,Greece,0,0.881,0.119
2022,2023 - 2024,Electoral,Guatemala,0.15,0.756,0.11
2022,2023 - 2024,Electoral,Guinea,0.573,0.221,0.482
2022,2023 - 2024,Electoral,Guinea-Bissau,0.214,0.476,0.394
2022,2023 - 2024,Electoral,Guyana,0.09,0.859,0.056
2022,2023 - 2024,Electoral,Haiti,0.462,0.382,0.289
2022,2023 - 2024,Electoral,Honduras,0.082,0.855,0.068
2022,2023 - 2024,Electoral,Hungary,0.12,0.802,0.088
2022,2023 - 2024,Electoral,Iceland,0.005,0.993,0.002
2022,2023 - 2024,Electoral,India,0.082,0.889,0.032
2022,2023 - 2024,Electoral,Indonesia,0.026,0.916,0.06
2022,2023 - 2024,Electoral,Iran,0.242,0.468,0.383
2022,2023 - 2024,Electoral,Iraq,0.07,0.831,0.106
2022,2023 - 2024,Electoral,Ireland,0,1,0
2022,2023 - 2024,Electoral,Israel,0.005,0.979,0.016
2022,2023 - 2024,Electoral,Italy,0,0.999,0.002
2022,2023 - 2024,Electoral,Jamaica,0,0.999,0.002
2022,2023 - 2024,Electoral,Japan,0.001,0.993,0.006
2022,2023 - 2024,Electoral,Jordan,0.05,0.916,0.035
2022,2023 - 2024,Electoral,Kazakhstan,0.038,0.95,0.013
2022,2023 - 2024,Electoral,Kenya,0.094,0.873,0.036
2022,2023 - 2024,Electoral,Kosovo,0.016,0.966,0.018
2022,2023 - 2024,Electoral,Kuwait,0.06,0.858,0.088
2022,2023 - 2024,Electoral,Kyrgyzstan,0.078,0.886,0.038
2022,2023 - 2024,Electoral,Laos,0.054,0.917,0.03
2022,2023 - 2024,Electoral,Latvia,0,0.995,0.005
2022,2023 - 2024,Electoral,Lebanon,0.064,0.895,0.044
2022,2023 - 2024,Electoral,Lesotho,0.012,0.943,0.046
2022,2023 - 2024,Electoral,Liberia,0.006,0.975,0.02
2022,2023 - 2024,Electoral,Libya,0.197,0.709,0.117
2022,2023 - 2024,Electoral,Lithuania,0,0.991,0.009
2022,2023 - 2024,Electoral,Luxembourg,0,1,0
2022,2023 - 2024,Electoral,Madagascar,0.022,0.933,0.046
2022,2023 - 2024,Electoral,Malawi,0.088,0.809,0.112
2022,2023 - 2024,Electoral,Malaysia,0.188,0.769,0.053
2022,2023 - 2024,Electoral,Maldives,0.058,0.851,0.097
2022,2023 - 2024,Electoral,Mali,0.626,0.291,0.222
2022,2023 - 2024,Electoral,Mauritania,0.094,0.841,0.072
2022,2023 - 2024,Electoral,Mauritius,0.104,0.808,0.098
2022,2023 - 2024,Electoral,Mexico,0.049,0.853,0.104
2022,2023 - 2024,Electoral,Moldova,0.024,0.938,0.04
2022,2023 - 2024,Electoral,Mongolia,0.035,0.94,0.025
2022,2023 - 2024,Electoral,Montenegro,0.16,0.814,0.032
2022,2023 - 2024,Electoral,Morocco,0.075,0.898,0.029
2022,2023 - 2024,Electoral,Mozambique,0.038,0.932,0.032
2022,2023 - 2024,Electoral,Myanmar,0.366,0.482,0.241
2022,2023 - 2024,Electoral,Namibia,0.013,0.963,0.024
2022,2023 - 2024,Electoral,Nepal,0.03,0.919,0.052
2022,2023 - 2024,Electoral,Netherlands,0,0.997,0.004
2022,2023 - 2024,Electoral,New Zealand,0,1,0
2022,2023 - 2024,Electoral,Nicaragua,0.146,0.52,0.391
2022,2023 - 2024,Electoral,Niger,0.124,0.768,0.123
2022,2023 - 2024,Electoral,Nigeria,0.078,0.843,0.086
2022,2023 - 2024,Electoral,North Korea,0.021,0.923,0.056
2022,2023 - 2024,Electoral,North Macedonia,0.021,0.963,0.016
2022,2023 - 2024,Electoral,Norway,0,0.998,0.002
2022,2023 - 2024,Electoral,Oman,0.004,0.992,0.005
2022,2023 - 2024,Electoral,Pakistan,0.062,0.886,0.055
2022,2023 - 2024,Electoral,Panama,0,0.99,0.01
2022,2023 - 2024,Electoral,Papua New Guinea,0.076,0.884,0.043
2022,2023 - 2024,Electoral,Paraguay,0.007,0.961,0.032
2022,2023 - 2024,Electoral,Peru,0.031,0.849,0.124
2022,2023 - 2024,Electoral,Philippines,0.054,0.879,0.07
2022,2023 - 2024,Electoral,Poland,0.06,0.722,0.232
2022,2023 - 2024,Electoral,Portugal,0,0.991,0.01
2022,2023 - 2024,Electoral,Qatar,0.775,0.218,0.03
2022,2023 - 2024,Electoral,Romania,0.018,0.92,0.063
2022,2023 - 2024,Electoral,Russia,0.092,0.807,0.111
2022,2023 - 2024,Electoral,Rwanda,0.048,0.889,0.066
2022,2023 - 2024,Electoral,Saudi Arabia,0.084,0.915,0
2022,2023 - 2024,Electoral,Senegal,0.019,0.974,0.007
2022,2023 - 2024,Electoral,Serbia,0.146,0.828,0.03
2022,2023 - 2024,Electoral,Sierra Leone,0.04,0.921,0.04
2022,2023 - 2024,Electoral,Singapore,0.028,0.923,0.05
2022,2023 - 2024,Electoral,Slovakia,0,0.995,0.005
2022,2023 - 2024,Electoral,Slovenia,0.018,0.908,0.076
2022,2023 - 2024,Electoral,Solomon Islands,0.006,0.977,0.016
2022,2023 - 2024,Electoral,Somalia,0.285,0.594,0.17
2022,2023 - 2024,Electoral,South Africa,0.009,0.974,0.018
2022,2023 - 2024,Electoral,South Korea,0,0.972,0.028
2022,2023 - 2024,Electoral,South Sudan,0.169,0.743,0.105
2022,2023 - 2024,Electoral,Spain,0,0.999,0.001
2022,2023 - 2024,Electoral,Sri Lanka,0.06,0.904,0.038
2022,2023 - 2024,Electoral,Sudan,0.376,0.575,0.078
2022,2023 - 2024,Electoral,Surinam,0.003,0.978,0.02
2022,2023 - 2024,Electoral,Swaziland,0.028,0.955,0.018
2022,2023 - 2024,Electoral,Sweden,0,1,0
2022,2023 - 2024,Electoral,Switzerland,0,1,0
2022,2023 - 2024,Electoral,Syria,0.163,0.768,0.082
2022,2023 - 2024,Electoral,Taiwan,0,0.998,0.002
2022,2023 - 2024,Electoral,Tajikistan,0.036,0.915,0.051
2022,2023 - 2024,Electoral,Tanzania,0.208,0.738,0.068
2022,2023 - 2024,Electoral,Thailand,0.11,0.785,0.117
2022,2023 - 2024,Electoral,Togo,0.051,0.894,0.059
2022,2023 - 2024,Electoral,Trinidad and Tobago,0.001,0.997,0.002
2022,2023 - 2024,Electoral,Tunisia,0.502,0.329,0.34
2022,2023 - 2024,Electoral,Turkey,0.086,0.84,0.082
2022,2023 - 2024,Electoral,Turkmenistan,0.016,0.969,0.016
2022,2023 - 2024,Electoral,UK,0,0.998,0.002
2022,2023 - 2024,Electoral,USA,0.004,0.989,0.007
2022,2023 - 2024,Electoral,Uganda,0.078,0.895,0.028
2022,2023 - 2024,Electoral,Ukraine,0.176,0.754,0.084
2022,2023 - 2024,Electoral,United Arab Emirates,0.025,0.97,0.004
2022,2023 - 2024,Electoral,Uruguay,0,0.969,0.032
2022,2023 - 2024,Electoral,Uzbekistan,0.025,0.939,0.037
2022,2023 - 2024,Electoral,Venezuela,0.168,0.652,0.216
2022,2023 - 2024,Electoral,Vietnam,0.095,0.867,0.042
2022,2023 - 2024,Electoral,Yemen,0.104,0.802,0.105
2022,2023 - 2024,Electoral,Zambia,0.35,0.59,0.092
2022,2023 - 2024,Electoral,Zimbabwe,0.049,0.909,0.044
2022,2023 - 2024,Governing,Afghanistan,0.387,0.434,0.292
2022,2023 - 2024,Governing,Albania,0.13,0.76,0.127
2022,2023 - 2024,Governing,Algeria,0.158,0.62,0.264
2022,2023 - 2024,Governing,Angola,0.541,0.272,0.408
2022,2023 - 2024,Governing,Argentina,0.292,0.641,0.094
2022,2023 - 2024,Governing,Armenia,0.312,0.508,0.261
2022,2023 - 2024,Governing,Australia,0,0.979,0.021
2022,2023 - 2024,Governing,Austria,0.038,0.823,0.145
2022,2023 - 2024,Governing,Azerbaijan,0.114,0.87,0.018
2022,2023 - 2024,Governing,Bangladesh,0.166,0.611,0.267
2022,2023 - 2024,Governing,Barbados,0.021,0.952,0.027
2022,2023 - 2024,Governing,Belarus,0.225,0.7,0.098
2022,2023 - 2024,Governing,Belgium,0,0.978,0.022
2022,2023 - 2024,Governing,Benin,0.267,0.526,0.281
2022,2023 - 2024,Governing,Bhutan,0.144,0.554,0.353
2022,2023 - 2024,Governing,Bolivia,0.345,0.272,0.585
2022,2023 - 2024,Governing,Bosnia-Herzegovina,0.149,0.767,0.098
2022,2023 - 2024,Governing,Botswana,0.172,0.661,0.202
2022,2023 - 2024,Governing,Brazil,0.489,0.369,0.278
2022,2023 - 2024,Governing,Bulgaria,0,0.74,0.26
2022,2023 - 2024,Governing,Burkina Faso,0.345,0.374,0.428
2022,2023 - 2024,Governing,Burundi,0.275,0.612,0.155
2022,2023 - 2024,Governing,CAR,0.362,0.38,0.404
2022,2023 - 2024,Governing,Cambodia,0.161,0.781,0.07
2022,2023 - 2024,Governing,Cameroon,0.138,0.773,0.104
2022,2023 - 2024,Governing,Canada,0.032,0.684,0.293
2022,2023 - 2024,Governing,Cape Verde,0.03,0.925,0.046
2022,2023 - 2024,Governing,Chad,0.429,0.571,0
2022,2023 - 2024,Governing,Chile,0,0.829,0.171
2022,2023 - 2024,Governing,China,0.058,0.903,0.041
2022,2023 - 2024,Governing,Colombia,0.147,0.671,0.214
2022,2023 - 2024,Governing,Comoros,0.67,0.263,0.202
2022,2023 - 2024,Governing,Congo,0.303,0.652,0.066
2022,2023 - 2024,Governing,Costa Rica,0,0.914,0.086
2022,2023 - 2024,Governing,Cote D'Ivoire,0.179,0.623,0.241
2022,2023 - 2024,Governing,Croatia,0.039,0.867,0.098
2022,2023 - 2024,Governing,Cuba,0.1,0.842,0.064
2022,2023 - 2024,Governing,Cyprus,0.266,0.606,0.174
2022,2023 - 2024,Governing,Czech Republic,0,0.943,0.057
2022,2023 - 2024,Governing,DR Congo,0.318,0.548,0.196
2022,2023 - 2024,Governing,Denmark,0,0.971,0.029
2022,2023 - 2024,Governing,Djibouti,0.054,0.9,0.048
2022,2023 - 2024,Governing,Dominican Republic,0.536,0.372,0.196
2022,2023 - 2024,Governing,East Timor,0.086,0.851,0.069
2022,2023 - 2024,Governing,Ecuador,0.492,0.268,0.472
2022,2023 - 2024,Governing,Egypt,0.264,0.68,0.076
2022,2023 - 2024,Governing,El Salvador,0.376,0.411,0.341
2022,2023 - 2024,Governing,Equatorial Guinea,0.059,0.916,0.026
2022,2023 - 2024,Governing,Eritrea,0.045,0.921,0.036
2022,2023 - 2024,Governing,Estonia,0,0.994,0.006
2022,2023 - 2024,Governing,Ethiopia,0.279,0.441,0.389
2022,2023 - 2024,Governing,Fiji,0.416,0.471,0.193
2022,2023 - 2024,Governing,Finland,0,0.957,0.044
2022,2023 - 2024,Governing,France,0.017,0.922,0.062
2022,2023 - 2024,Governing,Gabon,0.193,0.603,0.254
2022,2023 - 2024,Governing,Gambia,0.208,0.714,0.1
2022,2023 - 2024,Governing,Georgia,0.181,0.738,0.098
2022,2023 - 2024,Governing,Germany,0,0.957,0.044
2022,2023 - 2024,Governing,Ghana,0.063,0.802,0.144
2022,2023 - 2024,Governing,Greece,0.38,0.293,0.526
2022,2023 - 2024,Governing,Guatemala,0.341,0.338,0.488
2022,2023 - 2024,Governing,Guinea,0.265,0.654,0.11
2022,2023 - 2024,Governing,Guinea-Bissau,0.399,0.391,0.349
2022,2023 - 2024,Governing,Guyana,0.167,0.741,0.11
2022,2023 - 2024,Governing,Haiti,0.311,0.536,0.221
2022,2023 - 2024,Governing,Honduras,0.318,0.555,0.186
2022,2023 - 2024,Governing,Hungary,0.188,0.665,0.18
2022,2023 - 2024,Governing,Iceland,0.004,0.944,0.052
2022,2023 - 2024,Governing,India,0.201,0.67,0.161
2022,2023 - 2024,Governing,Indonesia,0.171,0.573,0.31
2022,2023 - 2024,Governing,Iran,0.305,0.403,0.42
2022,2023 - 2024,Governing,Iraq,0.272,0.367,0.496
2022,2023 - 2024,Governing,Ireland,0,0.994,0.006
2022,2023 - 2024,Governing,Israel,0,0.927,0.073
2022,2023 - 2024,Governing,Italy,0,0.953,0.048
2022,2023 - 2024,Governing,Jamaica,0.004,0.99,0.006
2022,2023 - 2024,Governing,Japan,0.015,0.946,0.04
2022,2023 - 2024,Governing,Jordan,0.084,0.832,0.092
2022,2023 - 2024,Governing,Kazakhstan,0.117,0.757,0.142
2022,2023 - 2024,Governing,Kenya,0.107,0.766,0.142
2022,2023 - 2024,Governing,Kosovo,0.084,0.836,0.088
2022,2023 - 2024,Governing,Kuwait,0.074,0.798,0.138
2022,2023 - 2024,Governing,Kyrgyzstan,0.326,0.447,0.338
2022,2023 - 2024,Governing,Laos,0.455,0.427,0.216
2022,2023 - 2024,Governing,Latvia,0.002,0.976,0.022
2022,2023 - 2024,Governing,Lebanon,0.098,0.83,0.079
2022,2023 - 2024,Governing,Lesotho,0.218,0.675,0.138
2022,2023 - 2024,Governing,Liberia,0.257,0.637,0.143
2022,2023 - 2024,Governing,Libya,0.29,0.268,0.623
2022,2023 - 2024,Governing,Lithuania,0,0.942,0.059
2022,2023 - 2024,Governing,Luxembourg,0,0.994,0.006
2022,2023 - 2024,Governing,Madagascar,0.158,0.738,0.124
2022,2023 - 2024,Governing,Malawi,0.104,0.746,0.168
2022,2023 - 2024,Governing,Malaysia,0.33,0.364,0.456
2022,2023 - 2024,Governing,Maldives,0.19,0.685,0.155
2022,2023 - 2024,Governing,Mali,0.441,0.353,0.368
2022,2023 - 2024,Governing,Mauritania,0.386,0.488,0.206
2022,2023 - 2024,Governing,Mauritius,0.234,0.417,0.455
2022,2023 - 2024,Governing,Mexico,0.283,0.318,0.557
2022,2023 - 2024,Governing,Moldova,0.06,0.789,0.161
2022,2023 - 2024,Governing,Mongolia,0.19,0.534,0.34
2022,2023 - 2024,Governing,Montenegro,0.411,0.509,0.136
2022,2023 - 2024,Governing,Morocco,0.084,0.846,0.077
2022,2023 - 2024,Governing,Mozambique,0.133,0.664,0.234
2022,2023 - 2024,Governing,Myanmar,0.335,0.506,0.24
2022,2023 - 2024,Governing,Namibia,0.071,0.887,0.046
2022,2023 - 2024,Governing,Nepal,0.136,0.623,0.278
2022,2023 - 2024,Governing,Netherlands,0,0.964,0.036
2022,2023 - 2024,Governing,New Zealand,0,0.959,0.042
2022,2023 - 2024,Governing,Nicaragua,0.331,0.669,0
2022,2023 - 2024,Governing,Niger,0.208,0.605,0.236
2022,2023 - 2024,Governing,Nigeria,0.216,0.477,0.391
2022,2023 - 2024,Governing,North Korea,0.024,0.976,0
2022,2023 - 2024,Governing,North Macedonia,0.134,0.743,0.142
2022,2023 - 2024,Governing,Norway,0,0.967,0.034
2022,2023 - 2024,Governing,Oman,0.005,0.984,0.011
2022,2023 - 2024,Governing,Pakistan,0.13,0.738,0.152
2022,2023 - 2024,Governing,Panama,0.052,0.869,0.083
2022,2023 - 2024,Governing,Papua New Guinea,0.264,0.616,0.162
2022,2023 - 2024,Governing,Paraguay,0.309,0.571,0.174
2022,2023 - 2024,Governing,Peru,0.233,0.467,0.392
2022,2023 - 2024,Governing,Philippines,0.132,0.694,0.2
2022,2023 - 2024,Governing,Poland,0.215,0.664,0.154
2022,2023 - 2024,Governing,Portugal,0.011,0.926,0.064
2022,2023 - 2024,Governing,Qatar,0.006,0.99,0.004
2022,2023 - 2024,Governing,Romania,0.368,0.303,0.521
2022,2023 - 2024,Governing,Russia,0.192,0.721,0.108
2022,2023 - 2024,Governing,Rwanda,0.081,0.852,0.073
2022,2023 - 2024,Governing,Saudi Arabia,0.004,0.993,0.003
2022,2023 - 2024,Governing,Senegal,0.064,0.841,0.102
2022,2023 - 2024,Governing,Serbia,0.541,0.294,0.36
2022,2023 - 2024,Governing,Sierra Leone,0.46,0.473,0.124
2022,2023 - 2024,Governing,Singapore,0.123,0.829,0.055
2022,2023 - 2024,Governing,Slovakia,0,0.945,0.055
2022,2023 - 2024,Governing,Slovenia,0.064,0.604,0.355
2022,2023 - 2024,Governing,Solomon Islands,0.067,0.693,0.257
2022,2023 - 2024,Governing,Somalia,0.162,0.583,0.304
2022,2023 - 2024,Governing,South Africa,0.039,0.806,0.162
2022,2023 - 2024,Governing,South Korea,0.121,0.841,0.043
2022,2023 - 2024,Governing,South Sudan,0.153,0.696,0.178
2022,2023 - 2024,Governing,Spain,0.004,0.942,0.055
2022,2023 - 2024,Governing,Sri Lanka,0.426,0.445,0.226
2022,2023 - 2024,Governing,Sudan,0.492,0.423,0.166
2022,2023 - 2024,Governing,Surinam,0.07,0.865,0.07
2022,2023 - 2024,Governing,Swaziland,0.043,0.937,0.021
2022,2023 - 2024,Governing,Sweden,0,0.977,0.024
2022,2023 - 2024,Governing,Switzerland,0,0.99,0.01
2022,2023 - 2024,Governing,Syria,0.235,0.733,0.042
2022,2023 - 2024,Governing,Taiwan,0.04,0.896,0.066
2022,2023 - 2024,Governing,Tajikistan,0.091,0.888,0.023
2022,2023 - 2024,Governing,Tanzania,0.114,0.753,0.149
2022,2023 - 2024,Governing,Thailand,0.333,0.578,0.133
2022,2023 - 2024,Governing,Togo,0.505,0.389,0.213
2022,2023 - 2024,Governing,Trinidad and Tobago,0.011,0.947,0.043
2022,2023 - 2024,Governing,Tunisia,0.585,0.27,0.35
2022,2023 - 2024,Governing,Turkey,0.472,0.469,0.111
2022,2023 - 2024,Governing,Turkmenistan,0.164,0.82,0.019
2022,2023 - 2024,Governing,UK,0,0.976,0.024
2022,2023 - 2024,Governing,USA,0.018,0.704,0.283
2022,2023 - 2024,Governing,Uganda,0.165,0.577,0.309
2022,2023 - 2024,Governing,Ukraine,0.326,0.487,0.278
2022,2023 - 2024,Governing,United Arab Emirates,0.004,0.994,0.002
2022,2023 - 2024,Governing,Uruguay,0.024,0.9,0.078
2022,2023 - 2024,Governing,Uzbekistan,0.332,0.423,0.366
2022,2023 - 2024,Governing,Venezuela,0.294,0.291,0.588
2022,2023 - 2024,Governing,Vietnam,0.483,0.313,0.394
2022,2023 - 2024,Governing,Yemen,0.144,0.745,0.13
2022,2023 - 2024,Governing,Zambia,0.216,0.563,0.282
2022,2023 - 2024,Governing,Zimbabwe,0.206,0.563,0.29
2022,2023 - 2024,Individual,Afghanistan,0.445,0.555,0
2022,2023 - 2024,Individual,Albania,0.116,0.776,0.122
2022,2023 - 2024,Individual,Algeria,0.178,0.5,0.392
2022,2023 - 2024,Individual,Angola,0.194,0.693,0.141
2022,2023 - 2024,Individual,Argentina,0.092,0.815,0.102
2022,2023 - 2024,Individual,Armenia,0.263,0.59,0.199
2022,2023 - 2024,Individual,Australia,0.002,0.995,0.004
2022,2023 - 2024,Individual,Austria,0.021,0.872,0.109
2022,2023 - 2024,Individual,Azerbaijan,0.171,0.692,0.165
2022,2023 - 2024,Individual,Bangladesh,0.517,0.253,0.476
2022,2023 - 2024,Individual,Barbados,0.004,0.957,0.039
2022,2023 - 2024,Individual,Belarus,0.287,0.404,0.434
2022,2023 - 2024,Individual,Belgium,0,0.993,0.007
2022,2023 - 2024,Individual,Benin,0.222,0.563,0.276
2022,2023 - 2024,Individual,Bhutan,0.279,0.551,0.236
2022,2023 - 2024,Individual,Bolivia,0.358,0.431,0.33
2022,2023 - 2024,Individual,Bosnia-Herzegovina,0.228,0.66,0.146
2022,2023 - 2024,Individual,Botswana,0.154,0.619,0.269
2022,2023 - 2024,Individual,Brazil,0.24,0.21,0.724
2022,2023 - 2024,Individual,Bulgaria,0.064,0.74,0.209
2022,2023 - 2024,Individual,Burkina Faso,0.338,0.499,0.247
2022,2023 - 2024,Individual,Burundi,0.348,0.551,0.156
2022,2023 - 2024,Individual,CAR,0.336,0.527,0.206
2022,2023 - 2024,Individual,Cambodia,0.159,0.339,0.597
2022,2023 - 2024,Individual,Cameroon,0.136,0.584,0.324
2022,2023 - 2024,Individual,Canada,0.032,0.837,0.136
2022,2023 - 2024,Individual,Cape Verde,0.02,0.896,0.085
2022,2023 - 2024,Individual,Chad,0.402,0.388,0.35
2022,2023 - 2024,Individual,Chile,0.198,0.618,0.23
2022,2023 - 2024,Individual,China,0.146,0.793,0.072
2022,2023 - 2024,Individual,Colombia,0.206,0.48,0.396
2022,2023 - 2024,Individual,Comoros,0.158,0.722,0.142
2022,2023 - 2024,Individual,Congo,0.36,0.506,0.209
2022,2023 - 2024,Individual,Costa Rica,0,0.987,0.013
2022,2023 - 2024,Individual,Cote D'Ivoire,0.246,0.489,0.352
2022,2023 - 2024,Individual,Croatia,0.097,0.674,0.254
2022,2023 - 2024,Individual,Cuba,0.148,0.298,0.651
2022,2023 - 2024,Individual,Cyprus,0.05,0.897,0.056
2022,2023 - 2024,Individual,Czech Republic,0,0.979,0.021
2022,2023 - 2024,Individual,DR Congo,0.38,0.321,0.483
2022,2023 - 2024,Individual,Denmark,0,0.979,0.021
2022,2023 - 2024,Individual,Djibouti,0.045,0.917,0.04
2022,2023 - 2024,Individual,Dominican Republic,0.146,0.7,0.18
2022,2023 - 2024,Individual,East Timor,0.506,0.339,0.314
2022,2023 - 2024,Individual,Ecuador,0.077,0.796,0.138
2022,2023 - 2024,Individual,Egypt,0.158,0.799,0.051
2022,2023 - 2024,Individual,El Salvador,0.326,0.35,0.481
2022,2023 - 2024,Individual,Equatorial Guinea,0.098,0.856,0.051
2022,2023 - 2024,Individual,Eritrea,0.101,0.899,0
2022,2023 - 2024,Individual,Estonia,0,0.992,0.009
2022,2023 - 2024,Individual,Ethiopia,0.372,0.311,0.505
2022,2023 - 2024,Individual,Fiji,0.248,0.501,0.334
2022,2023 - 2024,Individual,Finland,0,0.943,0.058
2022,2023 - 2024,Individual,France,0.008,0.876,0.117
2022,2023 - 2024,Individual,Gabon,0.154,0.731,0.137
2022,2023 - 2024,Individual,Gambia,0.108,0.788,0.116
2022,2023 - 2024,Individual,Georgia,0.151,0.723,0.148
2022,2023 - 2024,Individual,Germany,0,0.988,0.013
2022,2023 - 2024,Individual,Ghana,0.056,0.806,0.146
2022,2023 - 2024,Individual,Greece,0.216,0.664,0.154
2022,2023 - 2024,Individual,Guatemala,0.246,0.603,0.2
2022,2023 - 2024,Individual,Guinea,0.333,0.473,0.291
2022,2023 - 2024,Individual,Guinea-Bissau,0.329,0.432,0.356
2022,2023 - 2024,Individual,Guyana,0.217,0.486,0.379
2022,2023 - 2024,Individual,Haiti,0.352,0.33,0.492
2022,2023 - 2024,Individual,Honduras,0.229,0.637,0.174
2022,2023 - 2024,Individual,Hungary,0.128,0.741,0.15
2022,2023 - 2024,Individual,Iceland,0,0.963,0.037
2022,2023 - 2024,Individual,India,0.191,0.387,0.521
2022,2023 - 2024,Individual,Indonesia,0.333,0.457,0.315
2022,2023 - 2024,Individual,Iran,0.353,0.371,0.426
2022,2023 - 2024,Individual,Iraq,0.532,0.304,0.35
2022,2023 - 2024,Individual,Ireland,0,0.993,0.007
2022,2023 - 2024,Individual,Israel,0.018,0.942,0.04
2022,2023 - 2024,Individual,Italy,0.002,0.96,0.038
2022,2023 - 2024,Individual,Jamaica,0.002,0.994,0.004
2022,2023 - 2024,Individual,Japan,0.012,0.941,0.048
2022,2023 - 2024,Individual,Jordan,0.093,0.803,0.114
2022,2023 - 2024,Individual,Kazakhstan,0.216,0.654,0.166
2022,2023 - 2024,Individual,Kenya,0.313,0.57,0.171
2022,2023 - 2024,Individual,Kosovo,0.301,0.617,0.118
2022,2023 - 2024,Individual,Kuwait,0.134,0.76,0.122
2022,2023 - 2024,Individual,Kyrgyzstan,0.254,0.593,0.206
2022,2023 - 2024,Individual,Laos,0.366,0.612,0.036
2022,2023 - 2024,Individual,Latvia,0,0.979,0.021
2022,2023 - 2024,Individual,Lebanon,0.266,0.675,0.08
2022,2023 - 2024,Individual,Lesotho,0.21,0.617,0.218
2022,2023 - 2024,Individual,Liberia,0.111,0.718,0.192
2022,2023 - 2024,Individual,Libya,0.285,0.477,0.333
2022,2023 - 2024,Individual,Lithuania,0.008,0.922,0.07
2022,2023 - 2024,Individual,Luxembourg,0,1,0
2022,2023 - 2024,Individual,Madagascar,0.166,0.759,0.09
2022,2023 - 2024,Individual,Malawi,0.242,0.614,0.19
2022,2023 - 2024,Individual,Malaysia,0.32,0.549,0.193
2022,2023 - 2024,Individual,Maldives,0.34,0.529,0.198
2022,2023 - 2024,Individual,Mali,0.439,0.347,0.383
2022,2023 - 2024,Individual,Mauritania,0.418,0.288,0.505
2022,2023 - 2024,Individual,Mauritius,0.316,0.34,0.503
2022,2023 - 2024,Individual,Mexico,0.227,0.579,0.251
2022,2023 - 2024,Individual,Moldova,0.059,0.725,0.23
2022,2023 - 2024,Individual,Mongolia,0.106,0.782,0.125
2022,2023 - 2024,Individual,Montenegro,0.258,0.54,0.272
2022,2023 - 2024,Individual,Morocco,0.128,0.78,0.106
2022,2023 - 2024,Individual,Mozambique,0.16,0.699,0.168
2022,2023 - 2024,Individual,Myanmar,0.358,0.569,0.114
2022,2023 - 2024,Individual,Namibia,0.056,0.852,0.098
2022,2023 - 2024,Individual,Nepal,0.134,0.607,0.299
2022,2023 - 2024,Individual,Netherlands,0.002,0.976,0.022
2022,2023 - 2024,Individual,New Zealand,0,0.978,0.022
2022,2023 - 2024,Individual,Nicaragua,0.305,0.419,0.397
2022,2023 - 2024,Individual,Niger,0.182,0.583,0.288
2022,2023 - 2024,Individual,Nigeria,0.188,0.676,0.168
2022,2023 - 2024,Individual,North Korea,0.056,0.944,0
2022,2023 - 2024,Individual,North Macedonia,0.146,0.757,0.114
2022,2023 - 2024,Individual,Norway,0,0.957,0.044
2022,2023 - 2024,Individual,Oman,0.012,0.971,0.018
2022,2023 - 2024,Individual,Pakistan,0.537,0.267,0.424
2022,2023 - 2024,Individual,Panama,0.062,0.742,0.209
2022,2023 - 2024,Individual,Papua New Guinea,0.172,0.76,0.083
2022,2023 - 2024,Individual,Paraguay,0.15,0.284,0.666
2022,2023 - 2024,Individual,Peru,0.168,0.415,0.501
2022,2023 - 2024,Individual,Philippines,0.376,0.465,0.254
2022,2023 - 2024,Individual,Poland,0.144,0.703,0.179
2022,2023 - 2024,Individual,Portugal,0.016,0.72,0.268
2022,2023 - 2024,Individual,Qatar,0.032,0.128,0.868
2022,2023 - 2024,Individual,Romania,0.152,0.684,0.194
2022,2023 - 2024,Individual,Russia,0.235,0.492,0.356
2022,2023 - 2024,Individual,Rwanda,0.208,0.401,0.494
2022,2023 - 2024,Individual,Saudi Arabia,0.02,0.933,0.048
2022,2023 - 2024,Individual,Senegal,0.312,0.619,0.1
2022,2023 - 2024,Individual,Serbia,0.159,0.663,0.211
2022,2023 - 2024,Individual,Sierra Leone,0.154,0.743,0.122
2022,2023 - 2024,Individual,Singapore,0.061,0.886,0.056
2022,2023 - 2024,Individual,Slovakia,0,0.962,0.038
2022,2023 - 2024,Individual,Slovenia,0.145,0.547,0.36
2022,2023 - 2024,Individual,Solomon Islands,0.348,0.578,0.114
2022,2023 - 2024,Individual,Somalia,0.258,0.549,0.261
2022,2023 - 2024,Individual,South Africa,0.064,0.749,0.2
2022,2023 - 2024,Individual,South Korea,0.007,0.958,0.035
2022,2023 - 2024,Individual,South Sudan,0.399,0.531,0.116
2022,2023 - 2024,Individual,Spain,0,0.924,0.076
2022,2023 - 2024,Individual,Sri Lanka,0.54,0.342,0.256
2022,2023 - 2024,Individual,Sudan,0.334,0.423,0.365
2022,2023 - 2024,Individual,Surinam,0.251,0.629,0.16
2022,2023 - 2024,Individual,Swaziland,0.07,0.17,0.817
2022,2023 - 2024,Individual,Sweden,0,0.974,0.026
2022,2023 - 2024,Individual,Switzerland,0,0.993,0.007
2022,2023 - 2024,Individual,Syria,0.206,0.736,0.074
2022,2023 - 2024,Individual,Taiwan,0,0.961,0.04
2022,2023 - 2024,Individual,Tajikistan,0.112,0.793,0.107
2022,2023 - 2024,Individual,Tanzania,0.345,0.563,0.141
2022,2023 - 2024,Individual,Thailand,0.3,0.454,0.352
2022,2023 - 2024,Individual,Togo,0.332,0.541,0.19
2022,2023 - 2024,Individual,Trinidad and Tobago,0.013,0.598,0.394
2022,2023 - 2024,Individual,Tunisia,0.45,0.365,0.336
2022,2023 - 2024,Individual,Turkey,0.15,0.744,0.125
2022,2023 - 2024,Individual,Turkmenistan,0.05,0.935,0.016
2022,2023 - 2024,Individual,UK,0.007,0.944,0.049
2022,2023 - 2024,Individual,USA,0.025,0.873,0.104
2022,2023 - 2024,Individual,Uganda,0.21,0.443,0.438
2022,2023 - 2024,Individual,Ukraine,0.647,0.212,0.399
2022,2023 - 2024,Individual,United Arab Emirates,0.026,0.084,0.914
2022,2023 - 2024,Individual,Uruguay,0.029,0.893,0.08
2022,2023 - 2024,Individual,Uzbekistan,0.181,0.763,0.068
2022,2023 - 2024,Individual,Venezuela,0.604,0.256,0.352
2022,2023 - 2024,Individual,Vietnam,0.272,0.514,0.294
2022,2023 - 2024,Individual,Yemen,0.201,0.642,0.196
2022,2023 - 2024,Individual,Zambia,0.277,0.491,0.32
2022,2023 - 2024,Individual,Zimbabwe,0.287,0.195,0.727
2022,2023 - 2024,Informational,Afghanistan,0.386,0.398,0.351
2022,2023 - 2024,Informational,Albania,0.199,0.593,0.26
2022,2023 - 2024,Informational,Algeria,0.212,0.322,0.592
2022,2023 - 2024,Informational,Angola,0.224,0.391,0.496
2022,2023 - 2024,Informational,Argentina,0.189,0.632,0.22
2022,2023 - 2024,Informational,Armenia,0.205,0.608,0.234
2022,2023 - 2024,Informational,Australia,0.002,0.982,0.016
2022,2023 - 2024,Informational,Austria,0.09,0.53,0.418
2022,2023 - 2024,Informational,Azerbaijan,0.142,0.786,0.084
2022,2023 - 2024,Informational,Bangladesh,0.206,0.551,0.307
2022,2023 - 2024,Informational,Barbados,0.02,0.964,0.016
2022,2023 - 2024,Informational,Belarus,0.276,0.421,0.418
2022,2023 - 2024,Informational,Belgium,0,0.986,0.015
2022,2023 - 2024,Informational,Benin,0.569,0.356,0.174
2022,2023 - 2024,Informational,Bhutan,0.492,0.353,0.304
2022,2023 - 2024,Informational,Bolivia,0.392,0.393,0.354
2022,2023 - 2024,Informational,Bosnia-Herzegovina,0.19,0.405,0.5
2022,2023 - 2024,Informational,Botswana,0.115,0.764,0.136
2022,2023 - 2024,Informational,Brazil,0.31,0.18,0.739
2022,2023 - 2024,Informational,Bulgaria,0.143,0.497,0.42
2022,2023 - 2024,Informational,Burkina Faso,0.246,0.604,0.199
2022,2023 - 2024,Informational,Burundi,0.281,0.601,0.164
2022,2023 - 2024,Informational,CAR,0.309,0.488,0.294
2022,2023 - 2024,Informational,Cambodia,0.188,0.713,0.122
2022,2023 - 2024,Informational,Cameroon,0.173,0.66,0.202
2022,2023 - 2024,Informational,Canada,0.03,0.858,0.114
2022,2023 - 2024,Informational,Cape Verde,0.028,0.851,0.124
2022,2023 - 2024,Informational,Chad,0.458,0.33,0.392
2022,2023 - 2024,Informational,Chile,0.142,0.644,0.249
2022,2023 - 2024,Informational,China,0.149,0.765,0.101
2022,2023 - 2024,Informational,Colombia,0.219,0.448,0.426
2022,2023 - 2024,Informational,Comoros,0.172,0.626,0.244
2022,2023 - 2024,Informational,Congo,0.225,0.601,0.224
2022,2023 - 2024,Informational,Costa Rica,0.007,0.92,0.074
2022,2023 - 2024,Informational,Cote D'Ivoire,0.208,0.698,0.12
2022,2023 - 2024,Informational,Croatia,0.172,0.661,0.202
2022,2023 - 2024,Informational,Cuba,0.279,0.674,0.066
2022,2023 - 2024,Informational,Cyprus,0.068,0.589,0.368
2022,2023 - 2024,Informational,Czech Republic,0.075,0.81,0.124
2022,2023 - 2024,Informational,DR Congo,0.343,0.459,0.301
2022,2023 - 2024,Informational,Denmark,0,0.985,0.015
2022,2023 - 2024,Informational,Djibouti,0.151,0.813,0.042
2022,2023 - 2024,Informational,Dominican Republic,0.383,0.511,0.171
2022,2023 - 2024,Informational,East Timor,0.036,0.881,0.086
2022,2023 - 2024,Informational,Ecuador,0.338,0.327,0.507
2022,2023 - 2024,Informational,Egypt,0.12,0.858,0.025
2022,2023 - 2024,Informational,El Salvador,0.366,0.351,0.446
2022,2023 - 2024,Informational,Equatorial Guinea,0.088,0.871,0.045
2022,2023 - 2024,Informational,Eritrea,0.06,0.913,0.029
2022,2023 - 2024,Informational,Estonia,0,0.99,0.011
2022,2023 - 2024,Informational,Ethiopia,0.316,0.375,0.453
2022,2023 - 2024,Informational,Fiji,0.324,0.587,0.131
2022,2023 - 2024,Informational,Finland,0,0.954,0.046
2022,2023 - 2024,Informational,France,0,0.869,0.132
2022,2023 - 2024,Informational,Gabon,0.194,0.704,0.126
2022,2023 - 2024,Informational,Gambia,0.163,0.506,0.395
2022,2023 - 2024,Informational,Georgia,0.105,0.791,0.116
2022,2023 - 2024,Informational,Germany,0.029,0.925,0.047
2022,2023 - 2024,Informational,Ghana,0.095,0.746,0.175
2022,2023 - 2024,Informational,Greece,0.203,0.42,0.473
2022,2023 - 2024,Informational,Guatemala,0.426,0.284,0.506
2022,2023 - 2024,Informational,Guinea,0.406,0.417,0.298
2022,2023 - 2024,Informational,Guinea-Bissau,0.162,0.654,0.219
2022,2023 - 2024,Informational,Guyana,0.23,0.664,0.138
2022,2023 - 2024,Informational,Haiti,0.366,0.371,0.415
2022,2023 - 2024,Informational,Honduras,0.162,0.647,0.228
2022,2023 - 2024,Informational,Hungary,0.254,0.485,0.35
2022,2023 - 2024,Informational,Iceland,0.022,0.893,0.087
2022,2023 - 2024,Informational,India,0.628,0.181,0.512
2022,2023 - 2024,Informational,Indonesia,0.182,0.602,0.264
2022,2023 - 2024,Informational,Iran,0.374,0.348,0.444
2022,2023 - 2024,Informational,Iraq,0.21,0.402,0.491
2022,2023 - 2024,Informational,Ireland,0,0.992,0.008
2022,2023 - 2024,Informational,Israel,0.054,0.839,0.113
2022,2023 - 2024,Informational,Italy,0.009,0.912,0.08
2022,2023 - 2024,Informational,Jamaica,0.002,0.989,0.01
2022,2023 - 2024,Informational,Japan,0.012,0.935,0.054
2022,2023 - 2024,Informational,Jordan,0.244,0.667,0.117
2022,2023 - 2024,Informational,Kazakhstan,0.362,0.481,0.246
2022,2023 - 2024,Informational,Kenya,0.091,0.764,0.16
2022,2023 - 2024,Informational,Kosovo,0.102,0.822,0.084
2022,2023 - 2024,Informational,Kuwait,0.136,0.75,0.132
2022,2023 - 2024,Informational,Kyrgyzstan,0.251,0.499,0.333
2022,2023 - 2024,Informational,Laos,0.082,0.918,0
2022,2023 - 2024,Informational,Latvia,0.009,0.956,0.036
2022,2023 - 2024,Informational,Lebanon,0.22,0.699,0.103
2022,2023 - 2024,Informational,Lesotho,0.12,0.718,0.184
2022,2023 - 2024,Informational,Liberia,0.032,0.886,0.085
2022,2023 - 2024,Informational,Libya,0.31,0.511,0.258
2022,2023 - 2024,Informational,Lithuania,0.021,0.877,0.104
2022,2023 - 2024,Informational,Luxembourg,0,0.995,0.005
2022,2023 - 2024,Informational,Madagascar,0.182,0.709,0.134
2022,2023 - 2024,Informational,Malawi,0.11,0.77,0.134
2022,2023 - 2024,Informational,Malaysia,0.326,0.299,0.556
2022,2023 - 2024,Informational,Maldives,0.259,0.575,0.224
2022,2023 - 2024,Informational,Mali,0.411,0.408,0.307
2022,2023 - 2024,Informational,Mauritania,0.4,0.29,0.516
2022,2023 - 2024,Informational,Mauritius,0.26,0.358,0.516
2022,2023 - 2024,Informational,Mexico,0.329,0.361,0.462
2022,2023 - 2024,Informational,Moldova,0.058,0.728,0.228
2022,2023 - 2024,Informational,Mongolia,0.158,0.477,0.434
2022,2023 - 2024,Informational,Montenegro,0.385,0.495,0.195
2022,2023 - 2024,Informational,Morocco,0.186,0.74,0.09
2022,2023 - 2024,Informational,Mozambique,0.128,0.774,0.112
2022,2023 - 2024,Informational,Myanmar,0.313,0.599,0.128
2022,2023 - 2024,Informational,Namibia,0.063,0.889,0.052
2022,2023 - 2024,Informational,Nepal,0.161,0.531,0.367
2022,2023 - 2024,Informational,Netherlands,0.01,0.939,0.052
2022,2023 - 2024,Informational,New Zealand,0.002,0.976,0.022
2022,2023 - 2024,Informational,Nicaragua,0.271,0.45,0.382
2022,2023 - 2024,Informational,Niger,0.138,0.647,0.249
2022,2023 - 2024,Informational,Nigeria,0.17,0.497,0.401
2022,2023 - 2024,Informational,North Korea,0.034,0.966,0
2022,2023 - 2024,Informational,North Macedonia,0.175,0.686,0.169
2022,2023 - 2024,Informational,Norway,0,0.945,0.055
2022,2023 - 2024,Informational,Oman,0.018,0.976,0.006
2022,2023 - 2024,Informational,Pakistan,0.596,0.244,0.398
2022,2023 - 2024,Informational,Panama,0.062,0.856,0.087
2022,2023 - 2024,Informational,Papua New Guinea,0.084,0.81,0.116
2022,2023 - 2024,Informational,Paraguay,0.12,0.71,0.192
2022,2023 - 2024,Informational,Peru,0.164,0.357,0.573
2022,2023 - 2024,Informational,Philippines,0.554,0.265,0.405
2022,2023 - 2024,Informational,Poland,0.194,0.246,0.695
2022,2023 - 2024,Informational,Portugal,0.011,0.872,0.118
2022,2023 - 2024,Informational,Qatar,0.048,0.941,0.012
2022,2023 - 2024,Informational,Romania,0.382,0.302,0.511
2022,2023 - 2024,Informational,Russia,0.259,0.484,0.346
2022,2023 - 2024,Informational,Rwanda,0.119,0.791,0.102
2022,2023 - 2024,Informational,Saudi Arabia,0.004,0.992,0.004
2022,2023 - 2024,Informational,Senegal,0.069,0.875,0.06
2022,2023 - 2024,Informational,Serbia,0.477,0.391,0.252
2022,2023 - 2024,Informational,Sierra Leone,0.053,0.827,0.126
2022,2023 - 2024,Informational,Singapore,0.118,0.844,0.043
2022,2023 - 2024,Informational,Slovakia,0.104,0.796,0.112
2022,2023 - 2024,Informational,Slovenia,0.174,0.497,0.398
2022,2023 - 2024,Informational,Solomon Islands,0.051,0.843,0.112
2022,2023 - 2024,Informational,Somalia,0.667,0.253,0.24
2022,2023 - 2024,Informational,South Africa,0.052,0.776,0.182
2022,2023 - 2024,Informational,South Korea,0.096,0.659,0.272
2022,2023 - 2024,Informational,South Sudan,0.239,0.593,0.221
2022,2023 - 2024,Informational,Spain,0.018,0.89,0.094
2022,2023 - 2024,Informational,Sri Lanka,0.248,0.498,0.338
2022,2023 - 2024,Informational,Sudan,0.397,0.408,0.324
2022,2023 - 2024,Informational,Surinam,0.251,0.697,0.069
2022,2023 - 2024,Informational,Swaziland,0.038,0.18,0.812
2022,2023 - 2024,Informational,Sweden,0,0.982,0.018
2022,2023 - 2024,Informational,Switzerland,0,0.995,0.005
2022,2023 - 2024,Informational,Syria,0.156,0.845,0
2022,2023 - 2024,Informational,Taiwan,0.035,0.741,0.232
2022,2023 - 2024,Informational,Tajikistan,0.103,0.715,0.202
2022,2023 - 2024,Informational,Tanzania,0.474,0.416,0.21
2022,2023 - 2024,Informational,Thailand,0.285,0.638,0.108
2022,2023 - 2024,Informational,Togo,0.208,0.385,0.514
2022,2023 - 2024,Informational,Trinidad and Tobago,0.388,0.584,0.047
2022,2023 - 2024,Informational,Tunisia,0.495,0.276,0.454
2022,2023 - 2024,Informational,Turkey,0.138,0.737,0.144
2022,2023 - 2024,Informational,Turkmenistan,0.05,0.95,0
2022,2023 - 2024,Informational,UK,0.011,0.935,0.056
2022,2023 - 2024,Informational,USA,0.048,0.748,0.214
2022,2023 - 2024,Informational,Uganda,0.222,0.494,0.366
2022,2023 - 2024,Informational,Ukraine,0.497,0.252,0.498
2022,2023 - 2024,Informational,United Arab Emirates,0.011,0.969,0.02
2022,2023 - 2024,Informational,Uruguay,0.08,0.66,0.284
2022,2023 - 2024,Informational,Uzbekistan,0.344,0.582,0.112
2022,2023 - 2024,Informational,Venezuela,0.226,0.558,0.278
2022,2023 - 2024,Informational,Vietnam,0.244,0.651,0.138
2022,2023 - 2024,Informational,Yemen,0.504,0.387,0.22
2022,2023 - 2024,Informational,Zambia,0.196,0.593,0.262
2022,2023 - 2024,Informational,Zimbabwe,0.29,0.626,0.118
