mg_id,indicator,direction,model,hp_set_id,lambda_l1,lambda_l2,eta,nrounds,cv_pos_rate,cv_brier,cv_log_loss,cv_auc_roc,cv_auc_pr,test_pos_rate,test_brier,test_log_loss,test_auc_roc,test_auc_pr,time
1,v2x_veracc_osp,up,lightgbm_default,run-11_lightgbm_default,NA,NA,NA,NA,0.08527131782945736,3.6046849133422163,0.1617891316459346,0.9462273690292758,0.6416791276901499,0.03451676528599606,3.7998627257472726,0.1612400185949475,0.7570115277980446,0.07640262476039254,2.867999999999995
2,v2x_veracc_osp,up,lightgbm_default,run-11_lightgbm_default,NA,NA,NA,NA,0.09302325581395349,3.5781246169719716,0.18444028292257367,0.9457131410256411,0.597833069093123,0.03451676528599606,3.816065870925523,0.16577920700313067,0.7472639719830731,0.07397381874722829,2.5860000000000127
3,v2x_veracc_osp,up,lightgbm_default,run-11_lightgbm_default,NA,NA,NA,NA,0.08430232558139535,3.5772350887423983,0.15180449336865562,0.9524539317642766,0.6069356061404582,0.03451676528599606,3.8037351323658957,0.15069998694532294,0.7979862833795418,0.09043686790646385,2.901999999999987
4,v2x_veracc_osp,up,lightgbm_default,run-11_lightgbm_default,NA,NA,NA,NA,0.08826382153249272,3.566367085732678,0.18215170497350838,0.9369300911854104,0.5443265807626184,0.03451676528599606,3.7934046387862663,0.15862713973770418,0.786341748139501,0.08012834518220392,2.95799999999997
5,v2x_veracc_osp,up,lightgbm_default,run-11_lightgbm_default,NA,NA,NA,NA,0.0921435499515034,3.5558597915291807,0.1810477766315466,0.9412393162393162,0.5877879544030792,0.03451676528599606,3.7978412211304535,0.16242735881849332,0.795359696483292,0.0817346309472078,2.41700000000003
6,v2x_veracc_osp,up,xgboost_default,run-11_xgboost_default,NA,NA,NA,NA,0.08527131782945736,3.6354901665703236,0.16149034304853768,0.9586623651771957,0.7035518921618782,0.03451676528599606,3.818945979883423,0.19111603805668223,0.7708740697504742,0.06859313395488635,10.375
7,v2x_veracc_osp,up,xgboost_default,run-11_xgboost_default,NA,NA,NA,NA,0.09302325581395349,3.5897310256040473,0.21554840864712801,0.9417846331908832,0.575035226888917,0.03451676528599606,3.828475283485236,0.19830540780717218,0.772829417773238,0.07736211431610836,9.855999999999995
8,v2x_veracc_osp,up,xgboost_default,run-11_xgboost_default,NA,NA,NA,NA,0.08430232558139535,3.60206089887125,0.15488255521571914,0.9527093596059113,0.6668389446296664,0.03451676528599606,3.813452141684837,0.2017792715278922,0.733459798628338,0.06237378248324784,10.598000000000013
9,v2x_veracc_osp,up,xgboost_default,run-11_xgboost_default,NA,NA,NA,NA,0.08826382153249272,3.5838798409932515,0.21181798779499533,0.9368248772504092,0.5338249848606049,0.03451676528599606,3.8141286257602087,0.1964403456987266,0.7604260907631694,0.0689480509180371,9.201999999999998
10,v2x_veracc_osp,up,xgboost_default,run-11_xgboost_default,NA,NA,NA,NA,0.0921435499515034,3.5741003470508503,0.2014245916615856,0.946221322537112,0.5709279840486562,0.03451676528599606,3.7973522665069117,0.20048188675909628,0.758791770027725,0.06791554215798454,10.992999999999995
11,v2x_veracc_osp,up,ranger_2022,run-11_ranger_2022,NA,NA,NA,NA,0.08527131782945736,3.5449872565004887,0.13828230837032263,0.962502407550077,0.6781620233911082,0.03451676528599606,3.6070848825919426,0.16011897377205875,0.7387567488691084,0.06435310888122885,50.59800000000001
12,v2x_veracc_osp,up,ranger_2022,run-11_ranger_2022,NA,NA,NA,NA,0.09302325581395349,3.502515604071146,0.1615021540016251,0.94963051994302,0.5769606806936235,0.03451676528599606,3.623094788031964,0.15871587163033418,0.7269662921348314,0.06237976657871722,48.10700000000003
13,v2x_veracc_osp,up,ranger_2022,run-11_ranger_2022,NA,NA,NA,NA,0.08430232558139535,3.517630510989442,0.14164962392375247,0.9565955117679256,0.5977914909869801,0.03451676528599606,3.5987741650472675,0.16523022130557824,0.730089012111484,0.062284718344455973,51.31900000000002
14,v2x_veracc_osp,up,ranger_2022,run-11_ranger_2022,NA,NA,NA,NA,0.08826382153249272,3.511151150686581,0.1608141124498859,0.9468318915127426,0.5335366516391886,0.03451676528599606,3.5997693126665986,0.15856724477381084,0.75501240332701,0.06827840053935826,41.447
15,v2x_veracc_osp,up,ranger_2022,run-11_ranger_2022,NA,NA,NA,NA,0.0921435499515034,3.4891394874328805,0.16488799620208605,0.9464743589743589,0.5416411805640695,0.03451676528599606,3.597708159729029,0.162255042652018,0.743076025098497,0.06621648210267309,54.09
16,v2x_veracc_osp,up,lightgbm_2023,run-11_lightgbm_2023,0.1,0.1,NA,NA,0.08527131782945736,3.60761076620887,0.1533579838823092,0.9543046995377504,0.6727605439646215,0.03451676528599606,3.7918429888826064,0.16575767340460176,0.7496279001896979,0.06440215176395503,2.5950000000000273
17,v2x_veracc_osp,up,lightgbm_2023,run-11_lightgbm_2023,0.1,0.1,NA,NA,0.09302325581395349,3.5720260752875923,0.18852762930771577,0.9402711004273504,0.5977280006698662,0.03451676528599606,3.801789109427674,0.1668247735277398,0.7628775718663359,0.07087036939363757,2.7779999999999996
18,v2x_veracc_osp,up,lightgbm_2023,run-11_lightgbm_2023,0.1,0.1,NA,NA,0.08430232558139535,3.575588597168473,0.15330456155996028,0.9495469196618622,0.6080693570867093,0.03451676528599606,3.796426710575937,0.1657946755259527,0.7648329198890996,0.07037460925615056,3.4129999999999825
19,v2x_veracc_osp,up,lightgbm_2023,run-11_lightgbm_2023,0.1,0.1,NA,NA,0.08826382153249272,3.5570303210412715,0.1836758329631382,0.9329202712181436,0.519336401646832,0.03451676528599606,3.801535029476153,0.15241692460387707,0.8001751057930833,0.09613672881413238,3.3940000000000055
20,v2x_veracc_osp,up,lightgbm_2023,run-11_lightgbm_2023,0.1,0.1,NA,NA,0.0921435499515034,3.5515145263804095,0.18965354996543637,0.9369995501574448,0.5479163266322338,0.03451676528599606,3.793339400853883,0.16541704820276737,0.7735006566467241,0.07436979623617433,3.061999999999955
21,v2x_veracc_osp,up,xgboost_2023,run-11_xgboost_2023,NA,NA,0.1,200,0.08527131782945736,3.611614580269985,0.15397180977859382,0.9546778697996918,0.6819308177136039,0.03451676528599606,3.790092599169307,0.17376657294858652,0.7697650663942799,0.06822247373752804,22.49600000000001
22,v2x_veracc_osp,up,xgboost_2023,run-11_xgboost_2023,NA,NA,0.1,200,0.09302325581395349,3.57812797851337,0.18979644286670397,0.9466479700854701,0.5866993458253845,0.03451676528599606,3.8165589988423547,0.1738057015783852,0.7479352108565591,0.07098406225769265,27.667
23,v2x_veracc_osp,up,xgboost_2023,run-11_xgboost_2023,NA,NA,0.1,200,0.08430232558139535,3.5919570855520013,0.1412184807674262,0.9555190658638935,0.6700151465839226,0.03451676528599606,3.7970453939082356,0.16514843227680798,0.7789581205311542,0.07331776100750405,23.561999999999983
24,v2x_veracc_osp,up,xgboost_2023,run-11_xgboost_2023,NA,NA,0.1,200,0.08826382153249272,3.5734059316860995,0.18938312151907924,0.9380523731587561,0.5380978516546546,0.03451676528599606,3.8235304028967905,0.16785737937492512,0.773763315336349,0.07383811812240121,25.714999999999996
25,v2x_veracc_osp,up,xgboost_2023,run-11_xgboost_2023,NA,NA,0.1,200,0.0921435499515034,3.5606516267699884,0.187579211370835,0.9444556905083221,0.5623216940561536,0.03451676528599606,3.795139005233727,0.1758531972900754,0.7562235517291697,0.06642901490441078,21.628999999999962
26,v2xcs_ccsi,up,lightgbm_default,run-11_lightgbm_default,NA,NA,NA,NA,0.12790697674418605,3.366167108740179,0.235519760671922,0.9198737373737373,0.588648760725559,0.1814595660749507,3.2244347405042872,0.614609410695545,0.6822747511786276,0.33065094676765666,1.8450000000000273
27,v2xcs_ccsi,up,lightgbm_default,run-11_lightgbm_default,NA,NA,NA,NA,0.13372093023255813,3.322960378192424,0.22643587259806036,0.9249343449080829,0.6562045840978311,0.1814595660749507,3.258961709562015,0.6354962119799339,0.6839215557883709,0.32700808349725263,2.2729999999999677
28,v2xcs_ccsi,up,lightgbm_default,run-11_lightgbm_default,NA,NA,NA,NA,0.13953488372093023,3.3125441325314937,0.22746287992959668,0.9353494119119119,0.6880141091917795,0.1814595660749507,3.227383579028345,0.6063828370976918,0.6943851492928235,0.3286892836665141,1.981999999999971
29,v2xcs_ccsi,up,lightgbm_default,run-11_lightgbm_default,NA,NA,NA,NA,0.1396702230843841,3.315111278591153,0.2898332982906437,0.8812085055743455,0.5793348266675953,0.1814595660749507,3.2305611759918538,0.6441204511289014,0.67635214772132,0.27728244615449266,2.298000000000002
30,v2xcs_ccsi,up,lightgbm_default,run-11_lightgbm_default,NA,NA,NA,NA,0.11445198836081474,3.403427429948155,0.21490001234043057,0.922902704809995,0.5705018841145636,0.1814595660749507,3.2135451777359365,0.6238972757288759,0.6767974070193818,0.27599202581001997,2.470999999999947
31,v2xcs_ccsi,up,xgboost_default,run-11_xgboost_default,NA,NA,NA,NA,0.12790697674418605,3.4209705069632976,0.25907113479120597,0.9210858585858586,0.6265747738428414,0.1814595660749507,3.2573181240526528,0.7656896627594201,0.6523736249345207,0.261411517898244,10.754999999999995
32,v2xcs_ccsi,up,xgboost_default,run-11_xgboost_default,NA,NA,NA,NA,0.13372093023255813,3.386692342568141,0.23152316688377358,0.935195992607723,0.6830043995624182,0.1814595660749507,3.321911472263153,0.7383188661201102,0.7065610267155579,0.34984275498161105,12.344000000000051
33,v2xcs_ccsi,up,xgboost_default,run-11_xgboost_default,NA,NA,NA,NA,0.13953488372093023,3.3654607291505947,0.22463091871260873,0.9400416041041041,0.7259951442621002,0.1814595660749507,3.2659119895581044,0.7543826412420109,0.6776191723415401,0.2767432715003302,12.233000000000004
34,v2xcs_ccsi,up,xgboost_default,run-11_xgboost_default,NA,NA,NA,NA,0.1396702230843841,3.361868125631793,0.3124826059497544,0.8936255167230365,0.6242660086564579,0.1814595660749507,3.2898435275989013,0.7811471258434044,0.6884887375589314,0.2827609188231439,8.885999999999967
35,v2xcs_ccsi,up,xgboost_default,run-11_xgboost_default,NA,NA,NA,NA,0.11445198836081474,3.468019696576425,0.21850403255419512,0.9302541444669278,0.6295355234748033,0.1814595660749507,3.2942112377931556,0.7399838989019182,0.6836236249345207,0.2900535086639635,11.117999999999995
36,v2xcs_ccsi,up,ranger_2022,run-11_ranger_2022,NA,NA,NA,NA,0.12790697674418605,3.30503546541658,0.2190496935610738,0.9286574074074074,0.613821430468996,0.1814595660749507,2.9773497196058325,0.44420448922572997,0.7068098480880042,0.3254729652229126,60.996999999999986
37,v2xcs_ccsi,up,ranger_2022,run-11_ranger_2022,NA,NA,NA,NA,0.13372093023255813,3.2767233346815603,0.20324972639585126,0.9458386019518205,0.7029002367504015,0.1814595660749507,2.99670097165121,0.4461923651450269,0.7039123886851755,0.33111871966261863,63.663
38,v2xcs_ccsi,up,ranger_2022,run-11_ranger_2022,NA,NA,NA,NA,0.13953488372093023,3.254873594035991,0.20911137004609928,0.9511308183183184,0.6874479294767067,0.1814595660749507,2.9757339670364136,0.4466088611083027,0.6992306181246726,0.31891825604219276,62.416
39,v2xcs_ccsi,up,ranger_2022,run-11_ranger_2022,NA,NA,NA,NA,0.1396702230843841,3.2597072626122605,0.254284273647584,0.9068802455217337,0.5802447386188517,0.1814595660749507,2.999675468749504,0.4864512016210453,0.6964673913043479,0.30241167331815144,58.746999999999986
40,v2xcs_ccsi,up,ranger_2022,run-11_ranger_2022,NA,NA,NA,NA,0.11445198836081474,3.36006223390708,0.20241833239926924,0.9345842538103106,0.5935858527739494,0.1814595660749507,2.9706889756388635,0.44716416181102486,0.7025569669984285,0.3255767171269948,49.77600000000007
41,v2xcs_ccsi,up,lightgbm_2023,run-11_lightgbm_2023,0.1,0.1,NA,NA,0.12790697674418605,3.363026176718192,0.24464070191879558,0.914419191919192,0.5759504701947535,0.1814595660749507,3.2231891301273237,0.6153790797866479,0.6718046097433211,0.30763355929773983,2.8519999999999754
42,v2xcs_ccsi,up,lightgbm_2023,run-11_lightgbm_2023,0.1,0.1,NA,NA,0.13372093023255813,3.324767412546002,0.218637013290985,0.9302597023635832,0.6803267007884766,0.1814595660749507,3.253975382169513,0.6142071905588462,0.690557883708748,0.3329860163108443,2.600999999999999
43,v2xcs_ccsi,up,lightgbm_2023,run-11_lightgbm_2023,0.1,0.1,NA,NA,0.13953488372093023,3.304010544265887,0.2312029995994968,0.9286239364364365,0.6729172696525013,0.1814595660749507,3.232296510848711,0.6201663151218307,0.6817640125720272,0.29613817077312776,2.574000000000069
44,v2xcs_ccsi,up,lightgbm_2023,run-11_lightgbm_2023,0.1,0.1,NA,NA,0.1396702230843841,3.316534957029329,0.2834428201322645,0.8862034949267192,0.5856541458809948,0.1814595660749507,3.2203798224734723,0.6401125815762418,0.6700006547930853,0.27572561133629325,3.130999999999972
45,v2xcs_ccsi,up,lightgbm_2023,run-11_lightgbm_2023,0.1,0.1,NA,NA,0.11445198836081474,3.402355567764905,0.21210517562855602,0.9268197597787142,0.5837774877398438,0.1814595660749507,3.1942670308397965,0.6139728241295392,0.6677710843373494,0.27785628522252953,3.4380000000000006
46,v2xcs_ccsi,up,xgboost_2023,run-11_xgboost_2023,NA,NA,0.1,200,0.12790697674418605,3.396752679097926,0.23915479113618685,0.9240824915824916,0.6172811693049628,0.1814595660749507,3.2524660672689034,0.6555342187819214,0.6772230225248821,0.2802652304493192,22.684000000000026
47,v2xcs_ccsi,up,xgboost_2023,run-11_xgboost_2023,NA,NA,0.1,200,0.13372093023255813,3.3561320533043797,0.21871773882898135,0.9337856239665402,0.6872822243359353,0.1814595660749507,3.2732483081062145,0.6371484513335424,0.7011196961760083,0.320967409122408,22.427999999999997
48,v2xcs_ccsi,up,xgboost_2023,run-11_xgboost_2023,NA,NA,0.1,200,0.13953488372093023,3.3431105083143535,0.22311199365415474,0.93969751001001,0.7041101462337649,0.1814595660749507,3.2770008543062,0.6567053133480265,0.690256678889471,0.31541146204396936,18.2109999999999
49,v2xcs_ccsi,up,xgboost_2023,run-11_xgboost_2023,NA,NA,0.1,200,0.1396702230843841,3.334747779187985,0.28962180680926897,0.8875892521608418,0.6016512400175973,0.1814595660749507,3.267135102051458,0.6742242977196454,0.677881089575694,0.27644019760436106,22.680999999999983
50,v2xcs_ccsi,up,xgboost_2023,run-11_xgboost_2023,NA,NA,0.1,200,0.11445198836081474,3.428128916703999,0.21118745794396207,0.9243043050476173,0.5944632218225896,0.1814595660749507,3.2171103783689543,0.6427470853116721,0.6748493975903614,0.2798594453307882,24.951999999999998
51,v2xcl_rol,up,lightgbm_default,run-11_lightgbm_default,NA,NA,NA,NA,0.14244186046511628,3.35458530899388,0.2412335378320969,0.9281986240824013,0.7288437583981444,0.16962524654832348,3.25755833698677,0.5678639718565232,0.7178575374247362,0.2753680435514419,2.941000000000031
52,v2xcl_rol,up,lightgbm_default,run-11_lightgbm_default,NA,NA,NA,NA,0.11531007751937984,3.419949939387451,0.19560110646922815,0.9340524818908944,0.6797663385120046,0.16962524654832348,3.2346603256373543,0.544954042554983,0.7207472518367122,0.28151939137050297,1.7630000000000337
53,v2xcl_rol,up,lightgbm_default,run-11_lightgbm_default,NA,NA,NA,NA,0.11918604651162791,3.397999798400561,0.21392901457792338,0.925442950799145,0.6353912992347004,0.16962524654832348,3.245728762712375,0.5519771670659108,0.7167044136330994,0.2767136472244877,2.1609999999999445
54,v2xcl_rol,up,lightgbm_default,run-11_lightgbm_default,NA,NA,NA,NA,0.1251212415130941,3.3820588433956673,0.23309075799663495,0.9121246497877241,0.6331312354403204,0.16962524654832348,3.2366603460213947,0.5461476463938787,0.7228256366348119,0.2822790947309215,2.30600000000004
55,v2xcl_rol,up,lightgbm_default,run-11_lightgbm_default,NA,NA,NA,NA,0.11154219204655674,3.433814161295268,0.18308546906355455,0.9409625973039681,0.7066282049289663,0.16962524654832348,3.2203971203358526,0.562663656555408,0.7131725404629067,0.26872612211987235,2.2250000000000227
56,v2xcl_rol,up,xgboost_default,run-11_xgboost_default,NA,NA,NA,NA,0.14244186046511628,3.4022263118543323,0.24753277005824229,0.9372074253430186,0.775640179195864,0.16962524654832348,3.323427172868369,0.7202787645943383,0.7203571231287632,0.2721920949343887,11.003999999999962
57,v2xcl_rol,up,xgboost_default,run-11_xgboost_default,NA,NA,NA,NA,0.11531007751937984,3.4817951260395534,0.18839919016992523,0.9495798319327731,0.733033530355346,0.16962524654832348,3.2816827161259012,0.6616265316105961,0.720467602054908,0.27415243571795395,10.949999999999989
58,v2xcl_rol,up,xgboost_default,run-11_xgboost_default,NA,NA,NA,NA,0.11918604651162791,3.4525501357285435,0.22481237619572642,0.9353349969143255,0.6817212364633768,0.16962524654832348,3.299409330974776,0.7132560330453546,0.7087913605479754,0.2652817337684887,10.784999999999968
59,v2xcl_rol,up,xgboost_default,run-11_xgboost_default,NA,NA,NA,NA,0.1251212415130941,3.4252023324933902,0.24860491513217056,0.9261073583251689,0.6191771648630416,0.16962524654832348,3.287307565183955,0.6990214340386416,0.7189692316190687,0.2777238988764783,11.13900000000001
60,v2xcl_rol,up,xgboost_default,run-11_xgboost_default,NA,NA,NA,NA,0.11154219204655674,3.4731396442133087,0.18193203388782103,0.949269033605468,0.7210007413123295,0.16962524654832348,3.245590793972191,0.6780326951834026,0.7093299453129316,0.2680704197458246,12.580999999999989
61,v2xcl_rol,up,ranger_2022,run-11_ranger_2022,NA,NA,NA,NA,0.14244186046511628,3.3125987437798696,0.2054695453342982,0.9541335178139052,0.7595076609600542,0.16962524654832348,3.043813422517125,0.43809560484004584,0.6934693144782633,0.2592322022613908,58.20999999999998
62,v2xcl_rol,up,ranger_2022,run-11_ranger_2022,NA,NA,NA,NA,0.11531007751937984,3.3748708802031833,0.1746363853781192,0.9550470790725929,0.7234418535889348,0.16962524654832348,3.0199343045841958,0.4315388642836589,0.7009784289896702,0.2620086085200416,57.763000000000034
63,v2xcl_rol,up,ranger_2022,run-11_ranger_2022,NA,NA,NA,NA,0.11918604651162791,3.3594205191291353,0.18705981514454173,0.9491713398982174,0.6502286358392875,0.16962524654832348,3.0255470477634665,0.43626444529275926,0.6928893001160029,0.2594288849840492,58.36700000000002
64,v2xcl_rol,up,ranger_2022,run-11_ranger_2022,NA,NA,NA,NA,0.1251212415130941,3.3428100987702134,0.19912242942422,0.9405584489248698,0.6656699725047265,0.16962524654832348,3.0227085511370797,0.4308926871134346,0.7054217533005579,0.27213102023916763,62.952000000000005
65,v2xcl_rol,up,ranger_2022,run-11_ranger_2022,NA,NA,NA,NA,0.11154219204655674,3.3824701727853523,0.1734580868630416,0.9546231251186634,0.6951678187194928,0.16962524654832348,3.0039585329531593,0.4339561168781719,0.6988724244600343,0.2598503859582346,60.29400000000001
66,v2xcl_rol,up,lightgbm_2023,run-11_lightgbm_2023,0.1,0.1,NA,NA,0.14244186046511628,3.3607798784037857,0.2530865086956501,0.920642607325416,0.7011660769019619,0.16962524654832348,3.2708715704222686,0.5502122571274577,0.7237750649063691,0.28501075621723426,3.073999999999984
67,v2xcl_rol,up,lightgbm_2023,run-11_lightgbm_2023,0.1,0.1,NA,NA,0.11531007751937984,3.4228852629737685,0.20324891411652707,0.9333529687888299,0.6414188058854076,0.16962524654832348,3.2283146333822375,0.5365454572988275,0.7145984091034635,0.2763949415960726,3.2899999999999636
68,v2xcl_rol,up,lightgbm_2023,run-11_lightgbm_2023,0.1,0.1,NA,NA,0.11918604651162791,3.4012450691052107,0.20746133343036102,0.9303531979214181,0.6384944298235697,0.16962524654832348,3.234622256460209,0.5492226510559635,0.7144292382478042,0.2734766063617246,3.0179999999999723
69,v2xcl_rol,up,lightgbm_2023,run-11_lightgbm_2023,0.1,0.1,NA,NA,0.1251212415130941,3.3803636981129395,0.2311666585438466,0.9135770638890321,0.6071071851801233,0.16962524654832348,3.2234239909902516,0.5436890874805117,0.7155996243716511,0.27041018033031583,2.9470000000000027
70,v2xcl_rol,up,lightgbm_2023,run-11_lightgbm_2023,0.1,0.1,NA,NA,0.11154219204655674,3.433265146206438,0.18594729907448057,0.9376400227833681,0.6958571999567786,0.16962524654832348,3.1938367740239917,0.5755902230746008,0.6932449041595315,0.24316886384662845,6.744000000000028
71,v2xcl_rol,up,xgboost_2023,run-11_xgboost_2023,NA,NA,0.1,200,0.14244186046511628,3.378709397880482,0.23898679742683793,0.9364695030554595,0.7384322986341778,0.16962524654832348,3.2699215825759316,0.6111178479570841,0.7095647130309893,0.2646162497238007,18.07899999999995
72,v2xcl_rol,up,xgboost_2023,run-11_xgboost_2023,NA,NA,0.1,200,0.11531007751937984,3.4431057748265683,0.17677081340126674,0.9529577438861634,0.7154251487308136,0.16962524654832348,3.229212201383065,0.5796399555950755,0.7160070154118102,0.26023617507802704,24.94399999999999
73,v2xcl_rol,up,xgboost_2023,run-11_xgboost_2023,NA,NA,0.1,200,0.11918604651162791,3.4280243942910387,0.20893780146695806,0.9334835922616652,0.662702608697929,0.16962524654832348,3.263934673182806,0.6020112838447249,0.7096337623598299,0.2670225043187519,26.229000000000003
74,v2xcl_rol,up,xgboost_2023,run-11_xgboost_2023,NA,NA,0.1,200,0.1251212415130941,3.406047537297656,0.22977493680946579,0.9221540418364015,0.6363737694836548,0.16962524654832348,3.2537055320791635,0.5884681342587114,0.7135350494393194,0.27344868360469593,21.496000000000038
75,v2xcl_rol,up,xgboost_2023,run-11_xgboost_2023,NA,NA,0.1,200,0.11154219204655674,3.445654717109308,0.17504652534407958,0.9498006455287641,0.7105016672665676,0.16962524654832348,3.2245417462182244,0.6075781620957277,0.7024457272275313,0.2585831329868327,22.42700000000002
76,v2x_freexp_altinf,up,lightgbm_default,run-11_lightgbm_default,NA,NA,NA,NA,0.14437984496124032,3.3097211358079153,0.25397634459525165,0.924639157235477,0.6132599036133267,0.15285996055226825,3.250929707773128,0.506735487184528,0.7121033459761914,0.24280286947887977,2.490000000000009
77,v2x_freexp_altinf,up,lightgbm_default,run-11_lightgbm_default,NA,NA,NA,NA,0.11918604651162791,3.412163097256203,0.19971892529439478,0.9306125734524672,0.6919352230483562,0.15285996055226825,3.272755945879025,0.48852780677389335,0.7059746892485635,0.24941375341103308,2.0249999999999773
78,v2x_freexp_altinf,up,lightgbm_default,run-11_lightgbm_default,NA,NA,NA,NA,0.13953488372093023,3.3292158712274347,0.228569641014639,0.927075513013013,0.7114252784856048,0.15285996055226825,3.272338623973841,0.49221685848555335,0.7310976754665965,0.2691318967772411,3.3310000000000173
79,v2x_freexp_altinf,up,lightgbm_default,run-11_lightgbm_default,NA,NA,NA,NA,0.13482056256062075,3.3498743448650394,0.23581059396029116,0.9123221602090525,0.7066275291952836,0.15285996055226825,3.2613984085045025,0.4871235773685438,0.7203650155845132,0.2870018692919832,2.40099999999984
80,v2x_freexp_altinf,up,lightgbm_default,run-11_lightgbm_default,NA,NA,NA,NA,0.11639185257032007,3.3886193793215673,0.19900241447541417,0.9417764361507501,0.5942640501138796,0.15285996055226825,3.200957381859969,0.48321712706048253,0.7226031769874949,0.2540112811077083,2.437999999999988
81,v2x_freexp_altinf,up,xgboost_default,run-11_xgboost_default,NA,NA,NA,NA,0.14437984496124032,3.356398913763001,0.2633730112920027,0.9345580578716548,0.6656144685240684,0.15285996055226825,3.3214092459946536,0.6246938403293804,0.6918772766532727,0.24601184856492278,12.421000000000006
82,v2x_freexp_altinf,up,xgboost_default,run-11_xgboost_default,NA,NA,NA,NA,0.11918604651162791,3.4558015717873873,0.19694530201550603,0.944091157083188,0.7214485549157239,0.15285996055226825,3.3221190923816395,0.6185895689324747,0.6907807277779864,0.2564957776787692,11.870000000000005
83,v2x_freexp_altinf,up,xgboost_default,run-11_xgboost_default,NA,NA,NA,NA,0.13953488372093023,3.3690489139441238,0.25754618127217566,0.9282876626626626,0.6986589324770456,0.15285996055226825,3.3421766060983313,0.600512708062797,0.7171805174809418,0.2790772276983628,12.053999999999974
84,v2x_freexp_altinf,up,xgboost_default,run-11_xgboost_default,NA,NA,NA,NA,0.13482056256062075,3.392124033076511,0.252194634777982,0.9255976384811433,0.7105996140293659,0.15285996055226825,3.324084184469437,0.621442348838904,0.6920800630891134,0.23154287150590866,8.810999999999922
85,v2x_freexp_altinf,up,xgboost_default,run-11_xgboost_default,NA,NA,NA,NA,0.11639185257032007,3.4432908511587685,0.20392095950286643,0.9491584339553604,0.655326421515359,0.15285996055226825,3.2724189368655474,0.6159096528349167,0.6909084081264787,0.26394053550943053,12.366
86,v2x_freexp_altinf,up,ranger_2022,run-11_ranger_2022,NA,NA,NA,NA,0.14437984496124032,1.0217743779599346,7.866261489918365,0.05233455197731954,0.07791130332718141,0.15285996055226825,1.1208454573686446,3.1844483950802585,0.2921476585677269,0.10057258337782697,59.179
87,v2x_freexp_altinf,up,ranger_2022,run-11_ranger_2022,NA,NA,NA,NA,0.11918604651162791,1.0392711087615403,8.51167799551564,0.048731295893817014,0.06324818537968205,0.15285996055226825,1.124831434275363,3.114048777004325,0.2915130121296331,0.10067820503019681,66.73900000000003
88,v2x_freexp_altinf,up,ranger_2022,run-11_ranger_2022,NA,NA,NA,NA,0.13953488372093023,1.0280887402309358,8.624144917595801,0.0664453516016016,0.07528657876709088,0.15285996055226825,1.1239809575700284,3.848448729985696,0.2809418303353487,0.09941768209662157,54.55200000000002
89,v2x_freexp_altinf,up,ranger_2022,run-11_ranger_2022,NA,NA,NA,NA,0.13482056256062075,1.0309913220494058,8.53989286777159,0.07005113398070781,0.07264560408042316,0.15285996055226825,1.1243268733200376,3.3894704371807456,0.29013857073115773,0.10033650117116075,56.839
90,v2x_freexp_altinf,up,ranger_2022,run-11_ranger_2022,NA,NA,NA,NA,0.11639185257032007,1.0567225447197097,8.163014596553369,0.05371844127332601,0.06218782461168137,0.15285996055226825,1.142416547195433,3.13962409933744,0.2875511660220061,0.10003263539200434,58.889999999999986
91,v2x_freexp_altinf,up,lightgbm_2023,run-11_lightgbm_2023,0.1,0.1,NA,NA,0.14437984496124032,3.308299549769259,0.24995158621521987,0.9264177187288606,0.6253509752445776,0.15285996055226825,3.239753696826606,0.5157075762095837,0.7034361034961883,0.23871184514708393,3.387999999999977
92,v2x_freexp_altinf,up,lightgbm_2023,run-11_lightgbm_2023,0.1,0.1,NA,NA,0.11918604651162791,3.4195615086148594,0.20182607938621241,0.9310418846762725,0.674773629572192,0.15285996055226825,3.255370215259333,0.48063365556643955,0.7060347741184423,0.2567964382895392,2.828000000000003
93,v2x_freexp_altinf,up,lightgbm_2023,run-11_lightgbm_2023,0.1,0.1,NA,NA,0.13953488372093023,3.3229029028056867,0.23417537306938974,0.926172266016016,0.6849225111566064,0.15285996055226825,3.2659786572510274,0.4838645629998251,0.7196439971459687,0.2667221063906218,3.370999999999981
94,v2x_freexp_altinf,up,lightgbm_2023,run-11_lightgbm_2023,0.1,0.1,NA,NA,0.13482056256062075,3.3404385363481763,0.2389205309977338,0.9092573474852406,0.6943576627250716,0.15285996055226825,3.2727961430614543,0.4810835520476779,0.7274888279695069,0.26839201975293253,2.812000000000012
95,v2x_freexp_altinf,up,lightgbm_2023,run-11_lightgbm_2023,0.1,0.1,NA,NA,0.11639185257032007,3.398253830845544,0.20724724574601097,0.9398097328942554,0.5660917480457209,0.15285996055226825,3.248255743686956,0.47946397758279247,0.7162116489541477,0.2531941204862727,3.6420000000000528
96,v2x_freexp_altinf,up,xgboost_2023,run-11_xgboost_2023,NA,NA,0.1,200,0.14437984496124032,3.329585271243962,0.24527730642517565,0.9369598759567369,0.6380600157454586,0.15285996055226825,3.3305982281227684,0.5410623635902224,0.70637275151151,0.26050729341251627,22.80600000000004
97,v2x_freexp_altinf,up,xgboost_2023,run-11_xgboost_2023,NA,NA,0.1,200,0.11918604651162791,3.432031822731792,0.19958274979567833,0.9343064387739587,0.6990847571411931,0.15285996055226825,3.2854349214576066,0.534253244243759,0.6943482669270344,0.23883188260408536,22.494000000000028
98,v2x_freexp_altinf,up,xgboost_2023,run-11_xgboost_2023,NA,NA,0.1,200,0.13953488372093023,3.343571928100536,0.23775107667777376,0.9258711836836837,0.6970444688252614,0.15285996055226825,3.295922276696587,0.5129305982730104,0.7176424199181344,0.2751277647098797,25.007999999999996
99,v2x_freexp_altinf,up,xgboost_2023,run-11_xgboost_2023,NA,NA,0.1,200,0.13482056256062075,3.3643699184870393,0.24142711514575832,0.9151288834403329,0.6991847507097764,0.15285996055226825,3.3038384096981925,0.5136134269718435,0.7194186788839235,0.25689875157259173,22.168000000000006
100,v2x_freexp_altinf,up,xgboost_2023,run-11_xgboost_2023,NA,NA,0.1,200,0.11639185257032007,3.418039670834042,0.19281207914424753,0.9498627881448958,0.6227223231033254,0.15285996055226825,3.2776503886873636,0.5157093096090114,0.7091441661346652,0.2836911639149927,22.425999999999988
101,v2x_horacc_osp,up,lightgbm_default,run-11_lightgbm_default,NA,NA,NA,NA,0.10755813953488372,3.4755624193054153,0.20091039120307327,0.9279083643904491,0.6317344787153377,0.16962524654832348,3.305348856536505,0.6398552168085831,0.7045448268242832,0.27437883549513825,2.372000000000014
102,v2x_horacc_osp,up,lightgbm_default,run-11_lightgbm_default,NA,NA,NA,NA,0.10174418604651163,3.520031662497596,0.18149272496639915,0.9421585246827965,0.6726124636642592,0.16962524654832348,3.305875035507096,0.6420493774747754,0.7109249848091477,0.2796041156648081,1.8099999999999454
103,v2x_horacc_osp,up,lightgbm_default,run-11_lightgbm_default,NA,NA,NA,NA,0.10174418604651163,3.4895468860744683,0.1833579250209767,0.941182513998048,0.6283919432723903,0.16962524654832348,3.2953409018181508,0.6267852290478075,0.7038336187372258,0.27758394898883487,2.333
104,v2x_horacc_osp,up,lightgbm_default,run-11_lightgbm_default,NA,NA,NA,NA,0.0979631425800194,3.5011435757811817,0.18549264734574167,0.9268604279782817,0.6347429966819917,0.16962524654832348,3.3013675446662463,0.6275227669157099,0.7052629398442247,0.2689146269970936,1.84699999999998
105,v2x_horacc_osp,up,lightgbm_default,run-11_lightgbm_default,NA,NA,NA,NA,0.10281280310378274,3.503963932222869,0.18921285426476292,0.9381744008159102,0.6379694244256234,0.16962524654832348,3.302851705646413,0.6371827433611831,0.6930757333038723,0.25420985824717157,2.0630000000000166
106,v2x_horacc_osp,up,xgboost_default,run-11_xgboost_default,NA,NA,NA,NA,0.10755813953488372,3.511041130332791,0.22942578387534057,0.9312243839931136,0.6459299526368704,0.16962524654832348,3.344540735765576,0.8486919379542975,0.6782439374689277,0.24482094359061113,8.761999999999944
107,v2x_horacc_osp,up,xgboost_default,run-11_xgboost_default,NA,NA,NA,NA,0.10174418604651163,3.5472062874103854,0.2110086812279657,0.9377099707196794,0.6693637770298242,0.16962524654832348,3.3540355420332197,0.8089721975803196,0.701209744241286,0.273742668229459,12.369
108,v2x_horacc_osp,up,xgboost_default,run-11_xgboost_default,NA,NA,NA,NA,0.10174418604651163,3.5226025042647415,0.19693938201930136,0.9416345610520368,0.6441702364429573,0.16962524654832348,3.331578867004393,0.7669668429425097,0.6872479699497321,0.2727399225601731,10.409999999999968
109,v2x_horacc_osp,up,xgboost_default,run-11_xgboost_default,NA,NA,NA,NA,0.0979631425800194,3.5300729915538107,0.19041501087292878,0.9369956350473757,0.6544030823498587,0.16962524654832348,3.3368417490648463,0.7722991903715546,0.702790973871734,0.27139710602802836,11.715999999999951
110,v2x_horacc_osp,up,xgboost_default,run-11_xgboost_default,NA,NA,NA,NA,0.10281280310378274,3.5329465537580282,0.20632477855430972,0.9333401325854156,0.673790406307788,0.16962524654832348,3.3409695419755887,0.7793943116518683,0.6853698282052698,0.2562110840813551,12.721000000000004
111,v2x_horacc_osp,up,ranger_2022,run-11_ranger_2022,NA,NA,NA,NA,0.10755813953488372,3.4237091064440195,0.18210626876698727,0.9398078860619578,0.6487135497814648,0.16962524654832348,3.0925403774420968,0.4389885032160184,0.7051766281831741,0.2621335628372145,47.212999999999965
112,v2x_horacc_osp,up,ranger_2022,run-11_ranger_2022,NA,NA,NA,NA,0.10174418604651163,3.4537207738760625,0.16342863652114642,0.9565726614270303,0.6506817960862432,0.16962524654832348,3.0984920417876025,0.4340530330061482,0.711363448047285,0.273726809574299,60.31
113,v2x_horacc_osp,up,ranger_2022,run-11_ranger_2022,NA,NA,NA,NA,0.10174418604651163,3.434017872628124,0.1611375251352101,0.9556428828273489,0.639057715308038,0.16962524654832348,3.084098002418874,0.4352316974672081,0.7052284151798045,0.2692162322406836,55.738999999999976
114,v2x_horacc_osp,up,ranger_2022,run-11_ranger_2022,NA,NA,NA,NA,0.0979631425800194,3.4380294854259845,0.16817503540012774,0.9448738422229319,0.6445350449344741,0.16962524654832348,3.0834543455687453,0.4340329643302115,0.7062123681157819,0.26346513851481523,53.79899999999998
115,v2x_horacc_osp,up,ranger_2022,run-11_ranger_2022,NA,NA,NA,NA,0.10281280310378274,3.4506940020627255,0.16960414971415494,0.9515145334013259,0.6475130635916249,0.16962524654832348,3.0765551275634695,0.43547587214703926,0.7026563276804949,0.2613541482751158,54.17400000000009
116,v2x_horacc_osp,up,lightgbm_2023,run-11_lightgbm_2023,0.1,0.1,NA,NA,0.10755813953488372,3.4751321797178054,0.20470439926469802,0.9268030245228942,0.6292543277074598,0.16962524654832348,3.2960852583455544,0.6097277229397775,0.7131207534662763,0.2795016372935393,3.0289999999999964
117,v2x_horacc_osp,up,lightgbm_2023,run-11_lightgbm_2023,0.1,0.1,NA,NA,0.10174418604651163,3.5179321350296475,0.18747059807202254,0.9377716134997688,0.6507530838883291,0.16962524654832348,3.313402118289658,0.6441493211317957,0.69739131635640506,0.2613125372025097,2.9259999999999877
118,v2x_horacc_osp,up,lightgbm_2023,run-11_lightgbm_2023,0.1,0.1,NA,NA,0.10174418604651163,3.486908963002704,0.18007640999974803,0.9470180305131761,0.6100533976996025,0.16962524654832348,3.2948668352054336,0.6238383979083935,0.707672761420759,0.2853219726211414,2.9150000000000205
119,v2x_horacc_osp,up,lightgbm_2023,run-11_lightgbm_2023,0.1,0.1,NA,NA,0.0979631425800194,3.5029335782167306,0.17950376480306982,0.931768338124135,0.6563010501930325,0.16962524654832348,3.281001501268058,0.626183078394696,0.7029014527978787,0.26236935192348515,3.5360000000000014
120,v2x_horacc_osp,up,lightgbm_2023,run-11_lightgbm_2023,0.1,0.1,NA,NA,0.10281280310378274,3.503722640646163,0.1871385340925281,0.9348087710351861,0.657809410769184,0.16962524654832348,3.2920200805370152,0.6311649989872238,0.6955062696790587,0.26112243284587844,3.549000000000092
121,v2x_horacc_osp,up,xgboost_2023,run-11_xgboost_2023,NA,NA,0.1,200,0.10755813953488372,3.4905562426433505,0.20254175852950554,0.931439582905381,0.6389743327804402,0.16962524654832348,3.3310881552543736,0.6868885682802798,0.6969079710545214,0.2644081040226799,18.761999999999944
122,v2x_horacc_osp,up,xgboost_2023,run-11_xgboost_2023,NA,NA,0.1,200,0.10174418604651163,3.530024091158703,0.1880871491523738,0.9448399856166847,0.646116308667954,0.16962524654832348,3.335194356434072,0.6898815141736307,0.7150817544053472,0.2916278026374955,22.24200000000002
123,v2x_horacc_osp,up,xgboost_2023,run-11_xgboost_2023,NA,NA,0.1,200,0.10174418604651163,3.4997887679933766,0.179859408897554,0.9495762058868855,0.6294804972291297,0.16962524654832348,3.3126093929267606,0.6739989543496582,0.6901894713583384,0.25889350042941695,21.805000000000007
124,v2x_horacc_osp,up,xgboost_2023,run-11_xgboost_2023,NA,NA,0.1,200,0.0979631425800194,3.515331686607649,0.1791704551165515,0.938816139678484,0.6566947156992483,0.16962524654832348,3.3164245219078503,0.6609357877149235,0.7031016958515163,0.27304789901300397,27.692999999999998
125,v2x_horacc_osp,up,xgboost_2023,run-11_xgboost_2023,NA,NA,0.1,200,0.10281280310378274,3.514664606237667,0.19155729157020313,0.9368587455379909,0.6500729181485627,0.16962524654832348,3.317194294479852,0.6701373798302074,0.6943255261558857,0.2621545867132106,22.199000000000012
126,v2x_pubcorr,up,lightgbm_default,run-11_lightgbm_default,NA,NA,NA,NA,0.08527131782945736,3.6077887547631273,0.19463830385140618,0.9160126155624037,0.5477009577649008,0.26429980276134124,2.9640791754459306,0.806578655875637,0.6572316033772158,0.4245981482970436,2.472999999999999
127,v2x_pubcorr,up,lightgbm_default,run-11_lightgbm_default,NA,NA,NA,NA,0.08527131782945736,3.6010317380280674,0.2088918364665834,0.8954521379044684,0.49760071375481196,0.26429980276134124,2.935226775204828,0.762559430054708,0.6774738906006162,0.4242214509261139,2.3940000000000055
128,v2x_pubcorr,up,lightgbm_default,run-11_lightgbm_default,NA,NA,NA,NA,0.08624031007751938,3.5906873835203954,0.2255023804584602,0.8937290740762805,0.4177004807074092,0.26429980276134124,2.9354857573280384,0.7896744976452169,0.6542655355928134,0.40457138945392734,2.798000000000002
129,v2x_pubcorr,up,lightgbm_default,run-11_lightgbm_default,NA,NA,NA,NA,0.06886517943743937,3.6186404867076964,0.16968038891287646,0.9162411971830986,0.40701006589991545,0.26429980276134124,2.9189392622512997,0.7970385101520102,0.6379846744828138,0.3863611535611649,2.1720000000000255
130,v2x_pubcorr,up,lightgbm_default,run-11_lightgbm_default,NA,NA,NA,NA,0.07371483996120272,3.634825876206778,0.14220133908993604,0.9547258197850648,0.5796925359697767,0.26429980276134124,2.9381504186844674,0.7920572871678088,0.6544681085190669,0.4133215286841917,2.475999999999999
131,v2x_pubcorr,up,xgboost_default,run-11_xgboost_default,NA,NA,NA,NA,0.08527131782945736,3.639397815715291,0.19436441909800733,0.9386315485362096,0.6222370548018646,0.26429980276134124,3.0164837565257,1.0359357589971954,0.6259603457244608,0.3945434403919896,10.503999999999962
132,v2x_pubcorr,up,xgboost_default,run-11_xgboost_default,NA,NA,NA,NA,0.08527131782945736,3.625762248807708,0.2282008413464265,0.9121003466872111,0.48601231370075776,0.26429980276134124,3.025802310466186,0.9770563693547166,0.6508092913448842,0.4292515723362292,11.786999999999978
133,v2x_pubcorr,up,xgboost_default,run-11_xgboost_default,NA,NA,NA,NA,0.08624031007751938,3.6138820206543016,0.25086185223300433,0.8910720030502699,0.44591955916948534,0.26429980276134124,3.0091073269493633,0.9921054361000116,0.6500490176463527,0.4026788602349587,11.060999999999979
134,v2x_pubcorr,up,xgboost_default,run-11_xgboost_default,NA,NA,NA,NA,0.06886517943743937,3.644841694823682,0.1775578624393926,0.9180751173708921,0.456024579545674,0.26429980276134124,2.9715940473792917,0.9567439264337759,0.6303269176903685,0.40985027005645785,12.526999999999987
135,v2x_pubcorr,up,xgboost_default,run-11_xgboost_default,NA,NA,NA,NA,0.07371483996120272,3.6686191881048282,0.1600607446932778,0.9515982364287683,0.5681547924947594,0.26429980276134124,3.020393047182093,0.9897695199546416,0.6550408146932896,0.40348026188479696,10.84699999999998
136,v2x_pubcorr,up,ranger_2022,run-11_ranger_2022,NA,NA,NA,NA,0.08527131782945736,3.5317523812771427,0.16528935086049318,0.9359049980739599,0.5966616987332554,0.26429980276134124,2.6999012238677174,0.6050264275047915,0.6321500740266496,0.37987086740973697,61.39499999999998
137,v2x_pubcorr,up,ranger_2022,run-11_ranger_2022,NA,NA,NA,NA,0.08527131782945736,3.5331382360209176,0.17683627697434665,0.9198346013097073,0.5163200573458979,0.26429980276134124,2.692953365947666,0.5978919998653557,0.6445370333319995,0.3828308656391835,64.741
138,v2x_pubcorr,up,ranger_2022,run-11_ranger_2022,NA,NA,NA,NA,0.08624031007751938,3.524070937616882,0.1808652372557967,0.9228972797788554,0.49028083654852816,0.26429980276134124,2.6839342034291986,0.6008618660666764,0.638932515705654,0.3674953680316045,58.533000000000015
139,v2x_pubcorr,up,ranger_2022,run-11_ranger_2022,NA,NA,NA,NA,0.06886517943743937,3.5541847902030153,0.15631658287536754,0.9285724765258216,0.4178362752635983,0.26429980276134124,2.676149482610797,0.5991159451077407,0.6322050938337801,0.3716478094744393,60.68700000000001
140,v2x_pubcorr,up,ranger_2022,run-11_ranger_2022,NA,NA,NA,NA,0.07371483996120272,3.5737430364076066,0.1330994076512845,0.9614907688068338,0.5938125342559346,0.26429980276134124,2.6770097344570405,0.5927284285071455,0.642426273458445,0.3864245208939772,61.152000000000044
141,v2x_pubcorr,up,lightgbm_2023,run-11_lightgbm_2023,0.1,0.1,NA,NA,0.08527131782945736,3.6073056874744998,0.1934425525821645,0.9137013674884438,0.5569301738373457,0.26429980276134124,2.965712912737592,0.81054981566526,0.6545806490336521,0.4204791694254294,2.2140000000000555
142,v2x_pubcorr,up,lightgbm_2023,run-11_lightgbm_2023,0.1,0.1,NA,NA,0.08527131782945736,3.5934151181914356,0.21088396650070337,0.8953197226502311,0.4565165568320728,0.26429980276134124,2.9594260002333073,0.7754645815938029,0.6748729542635349,0.43177952411429776,2.9589999999999463
143,v2x_pubcorr,up,lightgbm_2023,run-11_lightgbm_2023,0.1,0.1,NA,NA,0.08624031007751938,3.5834700699138646,0.2216723119716298,0.8899281518462473,0.43076711935879725,0.26429980276134124,2.9230189020066586,0.8011613986388424,0.6430815093433636,0.3798585823577221,3.2029999999999745
144,v2x_pubcorr,up,lightgbm_2023,run-11_lightgbm_2023,0.1,0.1,NA,NA,0.06886517943743937,3.6159554697132164,0.17084217281964162,0.9076657863849765,0.41323765658447653,0.26429980276134124,2.9443108341443796,0.7721726293603063,0.6636839262134369,0.41969663370183624,3.0260000000000105
145,v2x_pubcorr,up,lightgbm_2023,run-11_lightgbm_2023,0.1,0.1,NA,NA,0.07371483996120272,3.627002964657891,0.14726733028119202,0.949738219895288,0.5492479238434081,0.26429980276134124,2.9531785935875536,0.7888668952951648,0.6571565763674923,0.42314875066032653,2.937999999999988
146,v2x_pubcorr,up,xgboost_2023,run-11_xgboost_2023,NA,NA,0.1,200,0.08527131782945736,3.6146613858188186,0.19815217244958858,0.9136411787365177,0.552446130873657,0.26429980276134124,2.983945697795077,0.8704343825183841,0.6401554559641471,0.38660664177888726,21.600000000000023
147,v2x_pubcorr,up,xgboost_2023,run-11_xgboost_2023,NA,NA,0.1,200,0.08527131782945736,3.5999643085161774,0.21295728221089327,0.9008450500770416,0.4654233714999123,0.26429980276134124,2.9611233280985214,0.8017435581351625,0.6645842503301188,0.4504991370600629,24.33099999999999
148,v2x_pubcorr,up,xgboost_2023,run-11_xgboost_2023,NA,NA,0.1,200,0.08624031007751938,3.5977999003724417,0.21811175154058982,0.8959214555506572,0.46939738284816995,0.26429980276134124,2.9538661916819544,0.8385880472217454,0.6353037093353607,0.3776616682638287,22.601
149,v2x_pubcorr,up,xgboost_2023,run-11_xgboost_2023,NA,NA,0.1,200,0.06886517943743937,3.635390513290332,0.15694481525001872,0.9257775821596244,0.4737625902767719,0.26429980276134124,2.9426341902588047,0.821733065288357,0.6478982433676124,0.3966011956956298,28.232999999999997
150,v2x_pubcorr,up,xgboost_2023,run-11_xgboost_2023,NA,NA,0.1,200,0.07371483996120272,3.6412125944419413,0.1430794789924405,0.9543124827776247,0.5690203575749468,0.26429980276134124,2.962249798429775,0.8267445413882761,0.6452823016285862,0.4168460972477587,22.391999999999996
151,v2x_veracc_osp,down,lightgbm_default,run-11_lightgbm_default,NA,NA,NA,NA,0.05232558139534884,3.7556896753058635,0.1356301050390613,0.9290691509505415,0.5679550867177848,0.06607495069033531,3.7682374961128535,0.3509396483312209,0.7348421566927769,0.18169139180172672,2.3740000000000236
152,v2x_veracc_osp,down,lightgbm_default,run-11_lightgbm_default,NA,NA,NA,NA,0.05813953488372093,3.7458923739306016,0.13113819175963282,0.9329903978052125,0.6967836639247345,0.06607495069033531,3.773214490719852,0.3557842972746423,0.7363079008337405,0.17302331567045184,2.315999999999974
153,v2x_veracc_osp,down,lightgbm_default,run-11_lightgbm_default,NA,NA,NA,NA,0.05135658914728682,3.755815208563579,0.12770240066036737,0.9340875363771273,0.5953030748508948,0.06607495069033531,3.761990280955626,0.3258732689443673,0.7534712919037337,0.23597117409051505,2.4739999999999895
154,v2x_veracc_osp,down,lightgbm_default,run-11_lightgbm_default,NA,NA,NA,NA,0.049466537342386034,3.770271201652747,0.13278356901799093,0.942156862745098,0.5399002718513783,0.06607495069033531,3.7774640671678665,0.37957212704571747,0.6997746221374648,0.17149470827673557,2.1860000000000355
155,v2x_veracc_osp,down,lightgbm_default,run-11_lightgbm_default,NA,NA,NA,NA,0.058195926285160036,3.7565348354605197,0.1598914377123771,0.9255750085822176,0.5744636390647537,0.06607495069033531,3.766731419089707,0.36029869578676305,0.7179624580371637,0.1961597196539492,2.42
156,v2x_veracc_osp,down,xgboost_default,run-11_xgboost_default,NA,NA,NA,NA,0.05232558139534884,3.758844331177425,0.14513883393691168,0.9318526092554722,0.5725570622327544,0.06607495069033531,3.774617935952736,0.36066368701713863,0.7627858595092121,0.23175953606836472,8.664000000000101
157,v2x_veracc_osp,down,xgboost_default,run-11_xgboost_default,NA,NA,NA,NA,0.05813953488372093,3.74881055817925,0.13706669552067371,0.9357338820301783,0.6946019267324138,0.06607495069033531,3.763776171716662,0.3672595350535335,0.7556462670806474,0.1939261356184946,10.947000000000031
158,v2x_veracc_osp,down,xgboost_default,run-11_xgboost_default,NA,NA,NA,NA,0.05135658914728682,3.7661701261996408,0.14427477815134476,0.9425482298070808,0.5667323107187919,0.06607495069033531,3.7632605718861996,0.3534813726146464,0.7613831581269996,0.19391633487886395,11.49799999999999
159,v2x_veracc_osp,down,xgboost_default,run-11_xgboost_default,NA,NA,NA,NA,0.049466537342386034,3.778929133257653,0.14150356439428852,0.945078031212485,0.5458026355181179,0.06607495069033531,3.764582665306623,0.4103799258069487,0.7096092925026399,0.148850576327389,8.518000000000029
160,v2x_veracc_osp,down,xgboost_default,run-11_xgboost_default,NA,NA,NA,NA,0.058195926285160036,3.753987456966341,0.17135501794700364,0.9296429797459663,0.5540410938495618,0.06607495069033531,3.7739032635138603,0.36401318760886864,0.7703667512490346,0.20590387683993144,9.80299999999994
161,v2x_veracc_osp,down,ranger_2022,run-11_ranger_2022,NA,NA,NA,NA,0.05232558139534884,3.6859558792999167,0.111383993681604,0.9479000984624706,0.46711479517924487,0.06607495069033531,3.5681312238215512,0.21299186966581068,0.7736134533247175,0.2179685705730456,41.88499999999999
162,v2x_veracc_osp,down,ranger_2022,run-11_ranger_2022,NA,NA,NA,NA,0.05813953488372093,3.6838941580201805,0.10634002986828209,0.9528377914951989,0.6580597806009846,0.06607495069033531,3.566684099988846,0.21318169457783642,0.7748349067755205,0.2041323118077522,43.82499999999999
163,v2x_veracc_osp,down,ranger_2022,run-11_ranger_2022,NA,NA,NA,NA,0.05135658914728682,3.682166172617004,0.10570522285757618,0.9571183533447685,0.5030603369985058,0.06607495069033531,3.54951515831959,0.2142951083063295,0.777175369194156,0.202916459339049,46.44
164,v2x_veracc_osp,down,ranger_2022,run-11_ranger_2022,NA,NA,NA,NA,0.049466537342386034,3.7057912416143193,0.11467457801136935,0.9285814325730292,0.5169568172292859,0.06607495069033531,3.5791017689721785,0.21897184162461308,0.7560087629434664,0.17953989294731587,41.26599999999999
165,v2x_veracc_osp,down,ranger_2022,run-11_ranger_2022,NA,NA,NA,NA,0.058195926285160036,3.681829391580891,0.12816034110810517,0.9308959835221421,0.5359387516107006,0.06607495069033531,3.5737605084854813,0.2140369393376539,0.7683730240035304,0.2088569335110556,46.14699999999999
166,v2x_veracc_osp,down,lightgbm_2023,run-11_lightgbm_2023,0.1,0.1,NA,NA,0.05232558139534884,3.754243653801955,0.12712366320373927,0.9387260471105052,0.5821145121711551,0.06607495069033531,3.7691094507467,0.3181197664984406,0.7687118788318177,0.2306536677511865,2.8730000000000473
167,v2x_veracc_osp,down,lightgbm_2023,run-11_lightgbm_2023,0.1,0.1,NA,NA,0.05813953488372093,3.743879749162942,0.12757176689081018,0.937517146776406,0.6780627763993974,0.06607495069033531,3.76108111306236,0.3321533175063289,0.7492474270674084,0.18477699022771918,2.812000000000012
168,v2x_veracc_osp,down,lightgbm_2023,run-11_lightgbm_2023,0.1,0.1,NA,NA,0.05135658914728682,3.754845763540947,0.12210076343174196,0.9421435041532561,0.5947798201033389,0.06607495069033531,3.7482088331137793,0.2970223055911847,0.77515800091412,0.2668625275102004,5.953999999999951
169,v2x_veracc_osp,down,lightgbm_2023,run-11_lightgbm_2023,0.1,0.1,NA,NA,0.049466537342386034,3.7706350307644043,0.12590413908639972,0.9493997599039616,0.5745163084738841,0.06607495069033531,3.766923084189759,0.34916324770546686,0.7191917918328106,0.16765078648851192,3.2280000000000086
170,v2x_veracc_osp,down,lightgbm_2023,run-11_lightgbm_2023,0.1,0.1,NA,NA,0.058195926285160036,3.7479312764631647,0.15935002627000236,0.9244936491589427,0.5475268571773013,0.06607495069033531,3.766303527821534,0.32216028342370734,0.7585147126038235,0.24105693929499603,2.5850000000000364
171,v2x_veracc_osp,down,xgboost_2023,run-11_xgboost_2023,NA,NA,0.1,200,0.05232558139534884,3.7497200861851256,0.13206720382325,0.9359993940771036,0.5530601904625321,0.06607495069033531,3.764074613179731,0.31168596130469417,0.7750476760863055,0.2405666201157393,23.470000000000027
172,v2x_veracc_osp,down,xgboost_2023,run-11_xgboost_2023,NA,NA,0.1,200,0.05813953488372093,3.740875177275491,0.12434503258461463,0.9396433470507545,0.6924025628739553,0.06607495069033531,3.7652373821481344,0.32413814177995626,0.7671200491733519,0.22156538206935847,24.705000000000013
173,v2x_veracc_osp,down,xgboost_2023,run-11_xgboost_2023,NA,NA,0.1,200,0.05135658914728682,3.7586609982527603,0.12308152031759888,0.9431071366623625,0.59632624999386,0.06607495069033531,3.7514776322161163,0.3175833811261781,0.7586092767419502,0.1984579595396312,22.514999999999986
174,v2x_veracc_osp,down,xgboost_2023,run-11_xgboost_2023,NA,NA,0.1,200,0.049466537342386034,3.772027791068984,0.12351907988024104,0.9474589835934374,0.5771889884298428,0.06607495069033531,3.7641868329514487,0.34062457250252165,0.7368122429037495,0.16031682334087535,21.369000000000028
175,v2x_veracc_osp,down,xgboost_2023,run-11_xgboost_2023,NA,NA,0.1,200,0.058195926285160036,3.749582644373753,0.1542301118751103,0.9319258496395468,0.568332284343898,0.06607495069033531,3.7643312009588814,0.3207645404424496,0.7610206622641806,0.21977120691893304,23.037000000000006
176,v2xcs_ccsi,down,lightgbm_default,run-11_lightgbm_default,NA,NA,NA,NA,0.06298449612403101,3.6663633044195993,0.11341539168975763,0.9593827062286214,0.6065285753832023,0.23274161735700197,3.035386531196285,0.8074100609275908,0.6972354145788855,0.37761159658175336,1.5349999999999682
177,v2xcs_ccsi,down,lightgbm_default,run-11_lightgbm_default,NA,NA,NA,NA,0.05717054263565891,3.7117610288975444,0.13146243676195926,0.9418015224624174,0.5148422033669384,0.23274161735700197,3.0441443328871762,0.820454634999006,0.6759999564289138,0.37566215554892424,1.6639999999999873
178,v2xcs_ccsi,down,lightgbm_default,run-11_lightgbm_default,NA,NA,NA,NA,0.07751937984496124,3.632032373545927,0.1584220285972385,0.9364233193277312,0.6073245192315585,0.23274161735700197,3.024275864765707,0.8292629026674425,0.6877205786240251,0.3645706599438124,2.7630000000000337
179,v2xcs_ccsi,down,lightgbm_default,run-11_lightgbm_default,NA,NA,NA,NA,0.06983511154219205,3.6764341335770796,0.13377734226195767,0.9597381531688102,0.6243483907567976,0.23274161735700197,3.06287327091445,0.8204900315628217,0.6900952028234064,0.377988168508829,2.4220000000000255
180,v2xcs_ccsi,down,lightgbm_default,run-11_lightgbm_default,NA,NA,NA,NA,0.06498545101842872,3.703621001329179,0.12232607594193032,0.9593732581903759,0.6920130393392636,0.23274161735700197,3.0364507234798213,0.8177508452872463,0.6778789595224609,0.36570127417084813,1.5900000000000318
181,v2xcs_ccsi,down,xgboost_default,run-11_xgboost_default,NA,NA,NA,NA,0.06298449612403101,3.692629368324266,0.10241779606641636,0.9681966430673773,0.6907327322310957,0.23274161735700197,3.052566687196658,0.990683950968598,0.66775412836042,0.36078785621675175,12.702000000000002
182,v2xcs_ccsi,down,xgboost_default,run-11_xgboost_default,NA,NA,NA,NA,0.05717054263565891,3.73430335890243,0.143013772333231,0.9374814918041354,0.5581704776679854,0.23274161735700197,3.0644707562957643,0.9431813813577736,0.6816805367957823,0.3826941883855053,11.973000000000013
183,v2xcs_ccsi,down,xgboost_default,run-11_xgboost_default,NA,NA,NA,NA,0.07751937984496124,3.6480653166613877,0.16797884142499678,0.9388261554621848,0.6389898065749267,0.23274161735700197,3.0561520481989874,0.9956285468484583,0.6775630691473139,0.34922262132104737,12.204000000000008
184,v2xcs_ccsi,down,xgboost_default,run-11_xgboost_default,NA,NA,NA,NA,0.06983511154219205,3.6887827680199985,0.14442762542724952,0.9636195110647665,0.6539165377176458,0.23274161735700197,3.080218732586605,0.9841029952075142,0.671631955034639,0.3583389322238946,11.272999999999968
185,v2xcs_ccsi,down,xgboost_default,run-11_xgboost_default,NA,NA,NA,NA,0.06498545101842872,3.714626021273447,0.11258095205867792,0.9692512541029293,0.7495628218458411,0.23274161735700197,3.0497188291069928,0.9629083115036127,0.6738159557317764,0.3503158358541589,14.247
186,v2xcs_ccsi,down,ranger_2022,run-11_ranger_2022,NA,NA,NA,NA,0.06298449612403101,3.607307327084036,0.10897013715375141,0.9720626839551348,0.661902588461815,0.23274161735700197,2.825126259252919,0.5414779618660357,0.7028805934381944,0.3783040629077815,72.08100000000002
187,v2xcs_ccsi,down,ranger_2022,run-11_ranger_2022,NA,NA,NA,NA,0.05717054263565891,3.65749700435087,0.12004815889366198,0.9425157210793109,0.5352679729438047,0.23274161735700197,2.8189658224657985,0.5417196815415958,0.6975131802535838,0.37669528193812246,51.312
188,v2xcs_ccsi,down,ranger_2022,run-11_ranger_2022,NA,NA,NA,NA,0.07751937984496124,3.5646861585619134,0.16947888311587342,0.9436318277310924,0.6163149424043103,0.23274161735700197,2.823780561957649,0.5431749479376783,0.6993622282253497,0.37382898716136176,53.422000000000025
189,v2xcs_ccsi,down,ranger_2022,run-11_ranger_2022,NA,NA,NA,NA,0.06983511154219205,3.615453331505467,0.12449596890865951,0.9606867686247249,0.6045487624703937,0.23274161735700197,2.837216483208385,0.543750970758893,0.6968269356455057,0.374592801144478,48.44399999999999
190,v2xcs_ccsi,down,ranger_2022,run-11_ranger_2022,NA,NA,NA,NA,0.06498545101842872,3.6379704422506127,0.11069406054987406,0.9622298259738651,0.7550523197651917,0.23274161735700197,2.823253350435014,0.5422022037407016,0.6945721319332491,0.3694839640817106,48.99799999999999
191,v2xcs_ccsi,down,lightgbm_2023,run-11_lightgbm_2023,0.1,0.1,NA,NA,0.06298449612403101,3.6692821081708846,0.1102792448746866,0.9601304589929203,0.6549749199055928,0.23274161735700197,3.0071992009823774,0.8106790961219592,0.6889351226526077,0.37278877693000984,2.727999999999952
192,v2xcs_ccsi,down,lightgbm_2023,run-11_lightgbm_2023,0.1,0.1,NA,NA,0.05717054263565891,3.7143421042367692,0.13768425729038442,0.9337885623704426,0.5024509897177868,0.23274161735700197,3.015111813732622,0.7748995075445567,0.6867129972550216,0.3749210399472867,2.912999999999954
193,v2xcs_ccsi,down,lightgbm_2023,run-11_lightgbm_2023,0.1,0.1,NA,NA,0.07751937984496124,3.6335778515060353,0.15643862674594608,0.9341911764705882,0.6304361845022657,0.23274161735700197,3.0254350086684707,0.8168736101103435,0.6813918783495273,0.3584959071527798,2.9389999999999645
194,v2xcs_ccsi,down,lightgbm_2023,run-11_lightgbm_2023,0.1,0.1,NA,NA,0.06983511154219205,3.677209128656185,0.1342682995549976,0.9596078090603638,0.6206913940946056,0.23274161735700197,3.047859647785008,0.8148723233038259,0.6871895560106314,0.36386781803153195,3.7099999999999227
195,v2xcs_ccsi,down,lightgbm_2023,run-11_lightgbm_2023,0.1,0.1,NA,NA,0.06498545101842872,3.695161872090703,0.11839615008001646,0.9638632563324456,0.6990493431222616,0.23274161735700197,3.0195237522028564,0.7865302567542196,0.6809833994161474,0.37041844674905355,4.05499999999995
196,v2xcs_ccsi,down,xgboost_2023,run-11_xgboost_2023,NA,NA,0.1,200,0.06298449612403101,3.6704648343178254,0.10234974419231474,0.9685625646328853,0.6778264315763276,0.23274161735700197,3.0433389261455996,0.825376855337441,0.6854766676833254,0.3782262564880569,22.965000000000003
197,v2xcs_ccsi,down,xgboost_2023,run-11_xgboost_2023,NA,NA,0.1,200,0.05717054263565891,3.719732024239106,0.13002188771580028,0.938091173550264,0.5309409100699704,0.23274161735700197,3.027055493157463,0.8170885972682997,0.6750686244608078,0.36816806001242586,23.00799999999998
198,v2xcs_ccsi,down,xgboost_2023,run-11_xgboost_2023,NA,NA,0.1,200,0.07751937984496124,3.642650739892764,0.15508733345974193,0.9412158613445378,0.6327842050805208,0.23274161735700197,3.035605502550072,0.823487475055967,0.6926550041392532,0.3796689509693812,26.068999999999996
199,v2xcs_ccsi,down,xgboost_2023,run-11_xgboost_2023,NA,NA,0.1,200,0.06983511154219205,3.6833076792740456,0.13601266772769302,0.9613312478275983,0.6349894351511481,0.23274161735700197,3.0481322793535113,0.8269245752606507,0.6815498235371008,0.37597617046236803,21.81899999999999
200,v2xcs_ccsi,down,xgboost_2023,run-11_xgboost_2023,NA,NA,0.1,200,0.06498545101842872,3.702906860196665,0.11144713245400134,0.9693131851117854,0.7190823276602121,0.23274161735700197,3.0429942477473007,0.8195192006945706,0.6787285957038909,0.369589534712553,22.123999999999967
201,v2xcl_rol,down,lightgbm_default,run-11_lightgbm_default,NA,NA,NA,NA,0.046511627906976744,3.755211694304705,0.10021611659192968,0.9581851287262872,0.5296397742664658,0.252465483234714,3.1318025191506726,1.1476039086337884,0.6823620959762533,0.3908138820290541,2.444000000000017
202,v2xcl_rol,down,lightgbm_default,run-11_lightgbm_default,NA,NA,NA,NA,0.05232558139534884,3.7468678523890087,0.13161275174493972,0.9087517988335985,0.547603069393191,0.252465483234714,3.1198626936427427,1.1392001560671017,0.6951733591688655,0.4110382606405116,1.9769999999999754
203,v2xcl_rol,down,lightgbm_default,run-11_lightgbm_default,NA,NA,NA,NA,0.0687984496124031,3.706949245594669,0.1456967297500168,0.9518107605047559,0.6578578858604118,0.252465483234714,3.1120083689544282,1.1293289805029099,0.6778889759234829,0.39776884261178974,2.479000000000042
204,v2xcl_rol,down,lightgbm_default,run-11_lightgbm_default,NA,NA,NA,NA,0.055286129970902036,3.735831183565111,0.11082938379368158,0.955996253467344,0.6450186512761902,0.252465483234714,3.1545115771826513,1.230538130303165,0.6692313242084432,0.3654267771896057,2.4529999999999745
205,v2xcl_rol,down,lightgbm_default,run-11_lightgbm_default,NA,NA,NA,NA,0.06498545101842872,3.728329025442928,0.14383060592067679,0.953396915835759,0.6305199041805635,0.252465483234714,3.1507980816850045,1.1529988429182356,0.6930553265171504,0.41333479955999997,1.836999999999989
206,v2xcl_rol,down,xgboost_default,run-11_xgboost_default,NA,NA,NA,NA,0.046511627906976744,3.772263110993273,0.09410815403437335,0.9596248306233062,0.6648841105541334,0.252465483234714,3.114722514007575,1.181203440540536,0.704315427110818,0.4222145549969541,12.634
207,v2xcl_rol,down,xgboost_default,run-11_xgboost_default,NA,NA,NA,NA,0.05232558139534884,3.75186307255848,0.14959640407932295,0.8977883814284632,0.5577793147508704,0.252465483234714,3.1402643008151014,1.2445883016142951,0.6979793659300791,0.4140648432177125,12.280000000000001
208,v2xcl_rol,down,xgboost_default,run-11_xgboost_default,NA,NA,NA,NA,0.0687984496124031,3.71733937041975,0.14645694963659464,0.9579076959153464,0.6901137862137421,0.252465483234714,3.1293071373672157,1.1758875133564657,0.6915247773746702,0.4193850553499647,11.27699999999993
209,v2xcl_rol,down,xgboost_default,run-11_xgboost_default,NA,NA,NA,NA,0.055286129970902036,3.745904961053144,0.12248621416896,0.9567707770452826,0.6397109327431477,0.252465483234714,3.1451148401724183,1.219886990361838,0.7143155301781002,0.42494566241062454,12.043999999999997
210,v2xcl_rol,down,xgboost_default,run-11_xgboost_default,NA,NA,NA,NA,0.06498545101842872,3.738427608816306,0.15119828312766068,0.9542020189508887,0.7014252431608938,0.252465483234714,3.1514488583841422,1.2830567809743294,0.6889841688654353,0.40658816633455763,11.031999999999982
211,v2xcl_rol,down,ranger_2022,run-11_ranger_2022,NA,NA,NA,NA,0.046511627906976744,3.69517544368976,0.09507606153763482,0.9663998983739838,0.5113747450911883,0.252465483234714,2.8964850808111993,0.6257141138941991,0.6943282074538258,0.41131461047018036,44.61400000000003
212,v2xcl_rol,down,ranger_2022,run-11_ranger_2022,NA,NA,NA,NA,0.05232558139534884,3.6875790480037853,0.10742107448681802,0.9429769749299401,0.610413416089685,0.252465483234714,2.9068355743252194,0.6236883445069142,0.7031533435026385,0.4181377343392688,44.168000000000006
213,v2xcl_rol,down,ranger_2022,run-11_ranger_2022,NA,NA,NA,NA,0.0687984496124031,3.639817013940615,0.1134462402754274,0.9718822822470724,0.713568035834498,0.252465483234714,2.901443470606169,0.6358545736549286,0.6875644170514512,0.40209858695598183,44.454000000000065
214,v2xcl_rol,down,ranger_2022,run-11_ranger_2022,NA,NA,NA,NA,0.055286129970902036,3.6796130357840457,0.10041714795803135,0.9615259915703015,0.6494849120620918,0.252465483234714,2.91294788970093,0.6627135225509483,0.692112260883905,0.38865293373937565,45.611999999999966
215,v2xcl_rol,down,ranger_2022,run-11_ranger_2022,NA,NA,NA,NA,0.06498545101842872,3.6672320527389277,0.11762803585356532,0.9576933795751533,0.6662375766587025,0.252465483234714,2.9169301304620547,0.6903134858869682,0.6992007132255936,0.40929810353904456,47.214
216,v2xcl_rol,down,lightgbm_2023,run-11_lightgbm_2023,0.1,0.1,NA,NA,0.046511627906976744,3.757699869847474,0.09292954992596848,0.96142445799458,0.5460979004310358,0.252465483234714,3.1255221587590833,1.0394318003332912,0.7070724769129287,0.4366572113193241,3.495999999999981
217,v2xcl_rol,down,lightgbm_2023,run-11_lightgbm_2023,0.1,0.1,NA,NA,0.05232558139534884,3.7406728230419213,0.12565385715456667,0.9140346890858138,0.5794566223823095,0.252465483234714,3.1169132319789052,1.0984748584656725,0.6916329980211082,0.40200935239008195,3.1550000000000296
218,v2xcl_rol,down,lightgbm_2023,run-11_lightgbm_2023,0.1,0.1,NA,NA,0.0687984496124031,3.704565813014266,0.13334443132556456,0.9651478067154227,0.6712054131373916,0.252465483234714,3.129560174436553,1.1017650481142989,0.680171916226913,0.39287806588301755,2.951999999999998
219,v2xcl_rol,down,lightgbm_2023,run-11_lightgbm_2023,0.1,0.1,NA,NA,0.055286129970902036,3.7330924731439388,0.11465655161000836,0.9491696386757449,0.6299334516440396,0.252465483234714,3.142635416262156,1.1074724319887308,0.7030270860817942,0.39575035553302407,3.194000000000017
220,v2xcl_rol,down,lightgbm_2023,run-11_lightgbm_2023,0.1,0.1,NA,NA,0.06498545101842872,3.722866798855196,0.13650428412580012,0.9579952932433269,0.6858537914441485,0.252465483234714,3.1411141243836083,1.1328162524992063,0.6924498062335093,0.39443781869124156,5.7549999999999955
221,v2xcl_rol,down,xgboost_2023,run-11_xgboost_2023,NA,NA,0.1,200,0.046511627906976744,3.758950169512024,0.09090973379980768,0.9621019647696477,0.591979344924182,0.252465483234714,3.1202412678521054,1.0434309944096167,0.7030940798153035,0.42596481008525955,20.799000000000035
222,v2xcl_rol,down,xgboost_2023,run-11_xgboost_2023,NA,NA,0.1,200,0.05232558139534884,3.7403872193880154,0.12803266635530336,0.9107021131561008,0.5749765201267245,0.252465483234714,3.1217424413567407,1.0579420176799224,0.7100820415567283,0.42299980589343694,20.934000000000026
223,v2xcl_rol,down,xgboost_2023,run-11_xgboost_2023,NA,NA,0.1,200,0.0687984496124031,3.7026916464704156,0.13886476941181658,0.9567938327153347,0.673830782672258,0.252465483234714,3.123094114643759,1.0268183574327991,0.7003627968337731,0.4128822918415137,20.98199999999997
224,v2xcl_rol,down,xgboost_2023,run-11_xgboost_2023,NA,NA,0.1,200,0.055286129970902036,3.731928203768793,0.11273372088081357,0.9510248928275514,0.5996210071442485,0.252465483234714,3.1403253123300634,1.0789709155076073,0.7002597295514512,0.4040255150850011,20.930999999999926
225,v2xcl_rol,down,xgboost_2023,run-11_xgboost_2023,NA,NA,0.1,200,0.06498545101842872,3.7246264607702617,0.1409637453854158,0.9507803307115873,0.6523327791068929,0.252465483234714,3.1309857215150214,1.0754406190156185,0.6941787598944591,0.3990054586894305,17.160999999999945
226,v2x_freexp_altinf,down,lightgbm_default,run-11_lightgbm_default,NA,NA,NA,NA,0.05329457364341085,3.7363129530048793,0.10969096665552834,0.9544803200893273,0.6013560381174805,0.25542406311637084,3.014091992229532,1.066303883360171,0.6774399754532205,0.37817691251834706,2.0540000000000305
227,v2x_freexp_altinf,down,lightgbm_default,run-11_lightgbm_default,NA,NA,NA,NA,0.06589147286821706,3.7098498168096774,0.1452885908175343,0.9286062972907005,0.6900890156619427,0.25542406311637084,3.018220998854183,1.0323923743971357,0.7028305505126697,0.40814962394165866,1.6159999999999854
228,v2x_freexp_altinf,down,lightgbm_default,run-11_lightgbm_default,NA,NA,NA,NA,0.05135658914728682,3.7420944467682133,0.09362765551676736,0.9750804633145104,0.6181501317864203,0.25542406311637084,3.004026502385571,1.040439874625612,0.6898003017208315,0.3868921149029811,2.3199999999999363
229,v2x_freexp_altinf,down,lightgbm_default,run-11_lightgbm_default,NA,NA,NA,NA,0.05916585838991271,3.7208344951706462,0.1260835210206151,0.9600980226466115,0.5560815693715854,0.25542406311637084,3.0589791817760688,1.0864988510405875,0.6866680303766397,0.4060830599333659,2.576999999999998
230,v2x_freexp_altinf,down,lightgbm_default,run-11_lightgbm_default,NA,NA,NA,NA,0.06498545101842872,3.731146083053065,0.12255242734520129,0.955719328667864,0.7688705612800425,0.25542406311637084,3.057939251971279,1.0411890313175298,0.703147613081388,0.4014656545104476,2.4120000000000346
231,v2x_freexp_altinf,down,xgboost_default,run-11_xgboost_default,NA,NA,NA,NA,0.05329457364341085,3.7489643756548703,0.125162638128477,0.9519307713780589,0.5958741873931584,0.25542406311637084,3.010930465906173,1.188267003937983,0.6662149377381166,0.36875401131639246,10.726999999999975
232,v2x_freexp_altinf,down,xgboost_default,run-11_xgboost_default,NA,NA,NA,NA,0.06589147286821706,3.721410004465604,0.15693129499857483,0.9285605320966561,0.6932062991800573,0.25542406311637084,2.995851094094531,1.1244726857579481,0.6941880385588995,0.4011504332101965,13.088000000000001
233,v2x_freexp_altinf,down,xgboost_default,run-11_xgboost_default,NA,NA,NA,NA,0.05135658914728682,3.755537730607409,0.10119452229206063,0.9759091872723418,0.6164199893048028,0.25542406311637084,3.0287996559502006,1.216722461832852,0.6572809327776216,0.3817356556709182,13.09
234,v2x_freexp_altinf,down,xgboost_default,run-11_xgboost_default,NA,NA,NA,NA,0.05916585838991271,3.7269187224724147,0.13273457594957974,0.9477606895386175,0.6302111637901576,0.25542406311637084,3.0587583667567873,1.2463161829711398,0.6577258431563068,0.3645842398575817,10.66900000000004
235,v2x_freexp_altinf,down,xgboost_default,run-11_xgboost_default,NA,NA,NA,NA,0.06498545101842872,3.739800806535943,0.1344594812834611,0.9416300241530935,0.7911059499190344,0.25542406311637084,3.0646114289311424,1.2068780616119124,0.6736198828914061,0.37525227196621247,11.059000000000026
236,v2x_freexp_altinf,down,ranger_2022,run-11_ranger_2022,NA,NA,NA,NA,0.05329457364341085,3.6650794784741128,0.10078558847810232,0.9662882664929748,0.5772466816044839,0.25542406311637084,2.803272805487795,0.599290049621178,0.6961236544018001,0.383750053862384,48.99599999999998
237,v2x_freexp_altinf,down,ranger_2022,run-11_ranger_2022,NA,NA,NA,NA,0.06589147286821706,3.653330331389448,0.11354037036229371,0.9551348547717843,0.7315223892797406,0.25542406311637084,2.814408467547028,0.5976347418242893,0.6968600577872102,0.3980377019909754,46.24200000000002
238,v2x_freexp_altinf,down,ranger_2022,run-11_ranger_2022,NA,NA,NA,NA,0.05135658914728682,3.6783986034899407,0.09241378063571566,0.9752828261414227,0.6280964437950856,0.25542406311637084,2.808117168887728,0.5896327978459825,0.7014037689534378,0.4086580223108441,52.328
239,v2x_freexp_altinf,down,ranger_2022,run-11_ranger_2022,NA,NA,NA,NA,0.05916585838991271,3.6559042734321596,0.11646630956598271,0.9484367077911103,0.5486964999122441,0.25542406311637084,2.8332293401979793,0.6152146399665911,0.6918151832059117,0.38437386103556037,55.535000000000025
240,v2x_freexp_altinf,down,ranger_2022,run-11_ranger_2022,NA,NA,NA,NA,0.06498545101842872,3.6714353775128905,0.1050872168310345,0.9606815507524618,0.7837089337596527,0.25542406311637084,2.831895268557317,0.6049462560474397,0.6956276048991281,0.3931321530463025,49.884000000000015
241,v2x_freexp_altinf,down,lightgbm_2023,run-11_lightgbm_2023,0.1,0.1,NA,NA,0.05329457364341085,3.7303296529932477,0.11956729926123512,0.9552433237182469,0.5180788361628501,0.25542406311637084,2.9971236071927283,1.0143573637205845,0.6949602393311003,0.384910855150969,3.0470000000000255
242,v2x_freexp_altinf,down,lightgbm_2023,run-11_lightgbm_2023,0.1,0.1,NA,NA,0.06589147286821706,3.704925806691709,0.14702658614724956,0.9226873321942886,0.6483169519563836,0.25542406311637084,3.0005240195667806,0.9856157498030362,0.6982024597918638,0.4160036984936772,3.375
243,v2x_freexp_altinf,down,lightgbm_2023,run-11_lightgbm_2023,0.1,0.1,NA,NA,0.05135658914728682,3.743063782874275,0.09841623822173608,0.9735386512999402,0.599745389324971,0.25542406311637084,3.001447493705405,0.9993788555610623,0.680186146411312,0.396467893403242,3.5549999999999926
244,v2x_freexp_altinf,down,lightgbm_2023,run-11_lightgbm_2023,0.1,0.1,NA,NA,0.05916585838991271,3.7150136965601104,0.124131950955925,0.9540307588304884,0.568592156556129,0.25542406311637084,3.040240992656792,1.0393580898473855,0.6786852131222992,0.3853272203513317,3.3449999999999998
245,v2x_freexp_altinf,down,lightgbm_2023,run-11_lightgbm_2023,0.1,0.1,NA,NA,0.06498545101842872,3.7277139546973097,0.11704173122759555,0.9600080510311513,0.7762977304347929,0.25542406311637084,3.051612537317306,1.031175022913958,0.6856273492035082,0.39056285743229596,3.210000000000008
246,v2x_freexp_altinf,down,xgboost_2023,run-11_xgboost_2023,NA,NA,0.1,200,0.05329457364341085,3.7284179145082255,0.11591518437570339,0.9460872801712106,0.5654785321428839,0.25542406311637084,2.9995384930145956,1.029540444322291,0.6697844485923956,0.37294167360558644,21.774999999999977
247,v2x_freexp_altinf,down,xgboost_2023,run-11_xgboost_2023,NA,NA,0.1,200,0.06589147286821706,3.7069545348820103,0.1430278313513463,0.930680986087381,0.6905160534105721,0.25542406311637084,3.0075843495183037,1.0132125143270054,0.6886445575187298,0.39489990927671303,23.175999999999988
248,v2x_freexp_altinf,down,xgboost_2023,run-11_xgboost_2023,NA,NA,0.1,200,0.05135658914728682,3.741523516863333,0.09128938883871203,0.9742131940563147,0.608626560874686,0.25542406311637084,3.0100072924993113,1.0045240759887322,0.6868291186171981,0.3918055162050452,23.975000000000023
249,v2x_freexp_altinf,down,xgboost_2023,run-11_xgboost_2023,NA,NA,0.1,200,0.05916585838991271,3.720981560665191,0.11993709920439374,0.951952002704073,0.629563854287921,0.25542406311637084,3.0465183752977927,1.0875831320664733,0.6699276381395587,0.3690888321232217,22.189999999999998
250,v2x_freexp_altinf,down,xgboost_2023,run-11_xgboost_2023,NA,NA,0.1,200,0.06498545101842872,3.7298541173771182,0.11796157202108497,0.951538985570075,0.7838751798667428,0.25542406311637084,3.0469661887066604,1.0269131560390539,0.6858728169986448,0.39895453751929033,27.18400000000001
251,v2x_horacc_osp,down,lightgbm_default,run-11_lightgbm_default,NA,NA,NA,NA,0.055232558139534885,3.7328648072031103,0.11525874776097148,0.9557174988753936,0.5889284978736788,0.20611439842209073,3.2597259627269857,0.9192967115695971,0.696424856607923,0.32416162091204176,2.035000000000025
252,v2x_horacc_osp,down,lightgbm_default,run-11_lightgbm_default,NA,NA,NA,NA,0.060077519379844964,3.726583553685429,0.15997794589045314,0.9234785500498836,0.496610480642808,0.20611439842209073,3.2601855010556475,0.9611305861816426,0.6976789800588428,0.340016808132576,2.5649999999999977
253,v2x_horacc_osp,down,lightgbm_default,run-11_lightgbm_default,NA,NA,NA,NA,0.055232558139534885,3.751438488841658,0.1130705643152392,0.9621592442645074,0.6362185622568612,0.20611439842209073,3.2683478291076833,0.932029433173622,0.6898689411275224,0.33337618170093325,2.4669999999999845
254,v2x_horacc_osp,down,lightgbm_default,run-11_lightgbm_default,NA,NA,NA,NA,0.0475266731328807,3.7717962789533486,0.12369920531733128,0.931460160438921,0.4409556120871899,0.20611439842209073,3.2864243561232596,0.9845661519091915,0.6915450682041071,0.3505069714841165,2.2560000000000855
255,v2x_horacc_osp,down,lightgbm_default,run-11_lightgbm_default,NA,NA,NA,NA,0.06789524733268672,3.7070101592051357,0.14130385046825022,0.9580645161290323,0.6406646817663851,0.20611439842209073,3.2542807028937335,0.9453441456704572,0.6735475051264525,0.31650271522331197,2.083000000000027
256,v2x_horacc_osp,down,xgboost_default,run-11_xgboost_default,NA,NA,NA,NA,0.055232558139534885,3.7431069817919824,0.12792421836471513,0.9547818263607737,0.593171678129594,0.20611439842209073,3.2647957524700915,1.0805098786591738,0.6753009004725252,0.3217732552153698,11.808999999999969
257,v2x_horacc_osp,down,xgboost_default,run-11_xgboost_default,NA,NA,NA,NA,0.060077519379844964,3.735897169449799,0.1781816379289059,0.9354173594945128,0.47303788308014,0.20611439842209073,3.3035831715937674,1.1257131175625734,0.7136378495646231,0.3447701790355309,12.194000000000017
258,v2x_horacc_osp,down,xgboost_default,run-11_xgboost_default,NA,NA,NA,NA,0.055232558139534885,3.7561723960957374,0.12127898469589898,0.9546378767431399,0.619374960344537,0.20611439842209073,3.273529148334035,1.04167850256797,0.6729471901096615,0.33118625204245494,10.782000000000039
259,v2x_horacc_osp,down,xgboost_default,run-11_xgboost_default,NA,NA,NA,NA,0.0475266731328807,3.780801218662413,0.13556508136269052,0.9388794214223367,0.44442875548773064,0.20611439842209073,3.2925998258457088,1.0629837066655292,0.706844185562721,0.36564718077483616,13.599000000000004
260,v2x_horacc_osp,down,xgboost_default,run-11_xgboost_default,NA,NA,NA,NA,0.06789524733268672,3.7172424313613135,0.16434482758079597,0.9500668946038353,0.5995203195757183,0.20611439842209073,3.270068950657639,1.0872432043426594,0.701940622306755,0.31333433417124373,11.466000000000008
261,v2x_horacc_osp,down,ranger_2022,run-11_ranger_2022,NA,NA,NA,NA,0.055232558139534885,3.6669947918096253,0.10455636814523739,0.9657130004498425,0.5788180689612041,0.20611439842209073,3.0645086424564614,0.5374317215079738,0.7060328687330976,0.3340876711781538,48.624000000000024
262,v2x_horacc_osp,down,ranger_2022,run-11_ranger_2022,NA,NA,NA,NA,0.060077519379844964,3.6609644705636106,0.13268933082405626,0.9369055537080146,0.4601510856727473,0.20611439842209073,3.0848716957327977,0.5375342646982124,0.7148652263068739,0.343785998675711,37.67399999999998
263,v2x_horacc_osp,down,ranger_2022,run-11_ranger_2022,NA,NA,NA,NA,0.055232558139534885,3.684512701626833,0.09759731159700136,0.9733963112910481,0.6459614231638783,0.20611439842209073,3.0715269586456544,0.5284459834940286,0.7163719575618889,0.3499639400401139,37.386999999999944
264,v2x_horacc_osp,down,ranger_2022,run-11_ranger_2022,NA,NA,NA,NA,0.0475266731328807,3.705718543469091,0.10661570300159667,0.9443971071116838,0.47278391223238936,0.20611439842209073,3.0861958017470443,0.5486390740324599,0.7092840797646289,0.3445155118049473,47.96900000000005
265,v2x_horacc_osp,down,ranger_2022,run-11_ranger_2022,NA,NA,NA,NA,0.06789524733268672,3.645027198906895,0.12062987232351127,0.9616173628660621,0.662068729020947,0.20611439842209073,3.065190531005232,0.5400089112647148,0.708772920443401,0.31582680741068475,47.903999999999996
266,v2x_horacc_osp,down,lightgbm_2023,run-11_lightgbm_2023,0.1,0.1,NA,NA,0.055232558139534885,3.730770851340181,0.11219829765921732,0.962753036437247,0.5852055411741222,0.20611439842209073,3.2608682519822425,0.8824451806346265,0.7128770542958186,0.36183474075953714,3.147999999999996
267,v2x_horacc_osp,down,lightgbm_2023,run-11_lightgbm_2023,0.1,0.1,NA,NA,0.060077519379844964,3.7253810318450085,0.16294880712323837,0.9258729630861323,0.4642316702534864,0.20611439842209073,3.2722037904818153,0.9422601473366604,0.7051740021991738,0.337667077640995,3.2749999999999773
268,v2x_horacc_osp,down,lightgbm_2023,run-11_lightgbm_2023,0.1,0.1,NA,NA,0.055232558139534885,3.7505425130825087,0.110025448082776,0.9565991902834008,0.6542123574092275,0.20611439842209073,3.275948316979924,0.8895398648165453,0.7043894320782192,0.3511001653027417,3.137999999999977
269,v2x_horacc_osp,down,lightgbm_2023,run-11_lightgbm_2023,0.1,0.1,NA,NA,0.0475266731328807,3.770087767171353,0.12178734077988115,0.9321459744794048,0.451688130427875,0.20611439842209073,3.275603358897442,0.9278859974650576,0.7068887634105026,0.34204851129351355,2.877999999999929
270,v2x_horacc_osp,down,lightgbm_2023,run-11_lightgbm_2023,0.1,0.1,NA,NA,0.06789524733268672,3.709550885379679,0.14429847580547217,0.950810167979783,0.6319008350283168,0.20611439842209073,3.261719390453578,0.9212568176213016,0.6856489048708728,0.3025892865377712,2.59699999999998
271,v2x_horacc_osp,down,xgboost_2023,run-11_xgboost_2023,NA,NA,0.1,200,0.055232558139534885,3.7356630776370254,0.11595514264152076,0.954098065677013,0.6008830624964425,0.20611439842209073,3.260857469918977,0.8794203834783263,0.7136021872863978,0.3512632751697623,23.168000000000006
272,v2x_horacc_osp,down,xgboost_2023,run-11_xgboost_2023,NA,NA,0.1,200,0.060077519379844964,3.7267326454027474,0.15959125326505408,0.9301629531094113,0.46187140145548833,0.20611439842209073,3.2696655426075947,0.9121983193480521,0.7271895152902018,0.3600606796709657,27.013000000000005
273,v2x_horacc_osp,down,xgboost_2023,run-11_xgboost_2023,NA,NA,0.1,200,0.055232558139534885,3.746197967445173,0.11748044803839659,0.9506792622582096,0.5947700810818316,0.20611439842209073,3.267368586923537,0.8681371632255324,0.7084133258046301,0.34245906775595353,21.369999999999948
274,v2x_horacc_osp,down,xgboost_2023,run-11_xgboost_2023,NA,NA,0.1,200,0.0475266731328807,3.7720829466489625,0.1285864407062011,0.9258073901658423,0.4354502039201438,0.20611439842209073,3.283550637829267,0.9379631271564595,0.7009242473773366,0.35260412569334726,23.170999999999935
275,v2x_horacc_osp,down,xgboost_2023,run-11_xgboost_2023,NA,NA,0.1,200,0.06789524733268672,3.7036789185361427,0.13166293593385545,0.95909023338784,0.6722825362424829,0.20611439842209073,3.263944304986347,0.8839884479159414,0.700383369490921,0.32918997043907994,24.289999999999992
276,v2x_pubcorr,down,lightgbm_default,run-11_lightgbm_default,NA,NA,NA,NA,0.09108527131782945,3.510294373325666,0.1929804148287136,0.9172526425622647,0.4982098205642654,0.23076923076923078,3.102377535948984,0.7887822397912266,0.632034845496384,0.29793568882466365,2.3500000000000227
277,v2x_pubcorr,down,lightgbm_default,run-11_lightgbm_default,NA,NA,NA,NA,0.10077519379844961,3.4805937479566076,0.21326286091808191,0.9134615384615384,0.4961479645620963,0.23076923076923078,3.119510764690502,0.8188580636090949,0.6143052816129739,0.2912174717950279,2.2480000000000473
278,v2x_pubcorr,down,lightgbm_default,run-11_lightgbm_default,NA,NA,NA,NA,0.0872093023255814,3.541108861993379,0.1817319123666862,0.9214673271998113,0.5201824542187214,0.23076923076923078,3.117451181276497,0.8048316860765391,0.6280024106947184,0.30126343532486416,1.8520000000000039
279,v2x_pubcorr,down,lightgbm_default,run-11_lightgbm_default,NA,NA,NA,NA,0.1008729388942774,3.4986849172146064,0.22857087378230423,0.9019531574143225,0.47755335768047086,0.23076923076923078,3.104841421973345,0.7877840317298983,0.6307473153627,0.30164804128131184,2.6229999999999905
280,v2x_pubcorr,down,lightgbm_default,run-11_lightgbm_default,NA,NA,NA,NA,0.10572259941804074,3.481702933896688,0.21076152689061065,0.9235507174272125,0.5602628344837522,0.23076923076923078,3.070151372432481,0.8027516125702342,0.6194006136313829,0.2794343673213271,2.352000000000004
281,v2x_pubcorr,down,xgboost_default,run-11_xgboost_default,NA,NA,NA,NA,0.09108527131782945,3.5558220659664954,0.192956771378475,0.9283332577235404,0.5748910755894416,0.23076923076923078,3.162154180528543,0.9611930934454004,0.6206881437650669,0.2993654005591756,11.614000000000004
282,v2x_pubcorr,down,xgboost_default,run-11_xgboost_default,NA,NA,NA,NA,0.10077519379844961,3.5302544747817928,0.21921294532603455,0.9230562002652519,0.5446483252614669,0.23076923076923078,3.155022151160132,0.9559829603689836,0.627120315581854,0.3059832434413152,11.145999999999958
283,v2x_pubcorr,down,xgboost_default,run-11_xgboost_default,NA,NA,NA,NA,0.0872093023255814,3.5839155376237626,0.19079390347810973,0.9239915074309979,0.5485533942140526,0.23076923076923078,3.1600677185876527,0.941084309705155,0.6266107823800131,0.29701656679149097,11.748999999999995
284,v2x_pubcorr,down,xgboost_default,run-11_xgboost_default,NA,NA,NA,NA,0.1008729388942774,3.534484753945669,0.2544191868488815,0.8984109202555804,0.4980263653593251,0.23076923076923078,3.1658801712909654,1.0015273876323154,0.6025531448608372,0.28795741719862444,12.399999999999977
285,v2x_pubcorr,down,xgboost_default,run-11_xgboost_default,NA,NA,NA,NA,0.10572259941804074,3.5263508298642656,0.23676437556247673,0.917839160978328,0.5652518604177592,0.23076923076923078,3.1410553825173504,0.9790214799985352,0.6183760683760684,0.29221926557763933,12.337999999999965
286,v2x_pubcorr,down,ranger_2022,run-11_ranger_2022,NA,NA,NA,NA,0.09108527131782945,3.447270242210204,0.17814806231214103,0.9261273420133376,0.5530209325412467,0.23076923076923078,2.8635764146314866,0.5699931464873779,0.6236467236467237,0.2879957979080247,50.706999999999994
287,v2x_pubcorr,down,ranger_2022,run-11_ranger_2022,NA,NA,NA,NA,0.10077519379844961,3.424081983923478,0.19175763620608927,0.9350806117374005,0.5164360255175733,0.23076923076923078,2.8614330453911134,0.5777833118493064,0.6105385711154941,0.28846682658976547,67.525
288,v2x_pubcorr,down,ranger_2022,run-11_ranger_2022,NA,NA,NA,NA,0.0872093023255814,3.473099403367083,0.17015260469358692,0.9396025005897618,0.5225884495460816,0.23076923076923078,2.8546741190496485,0.575790799052564,0.610215318869165,0.28788406738415123,57.10800000000006
289,v2x_pubcorr,down,ranger_2022,run-11_ranger_2022,NA,NA,NA,NA,0.1008729388942774,3.4311807358351056,0.2015272415146131,0.9161428512156667,0.527390757145758,0.23076923076923078,2.866566590458238,0.5715211417243268,0.6198937102783256,0.29019834991303917,60.30400000000003
290,v2x_pubcorr,down,ranger_2022,run-11_ranger_2022,NA,NA,NA,NA,0.10572259941804074,3.4138429094417813,0.20104302059743664,0.9216949591036638,0.5534767019452039,0.23076923076923078,2.8384721706235143,0.5777791951882066,0.6172282489590182,0.27929671621714725,60.76299999999998
291,v2x_pubcorr,down,lightgbm_2023,run-11_lightgbm_2023,0.1,0.1,NA,NA,0.09108527131782945,3.5113481192684746,0.18955163830176447,0.9235811822347231,0.49648544858940824,0.23076923076923078,3.1271759361971427,0.7888061869989577,0.6328621520929213,0.3079627601854323,2.6520000000000152
292,v2x_pubcorr,down,lightgbm_2023,run-11_lightgbm_2023,0.1,0.1,NA,NA,0.10077519379844961,3.484094300564906,0.21218791894858555,0.9187044098143236,0.4986080465597663,0.23076923076923078,3.1251603563294683,0.7989008130107196,0.6265943458251151,0.2982156194219599,2.4249999999999545
293,v2x_pubcorr,down,lightgbm_2023,run-11_lightgbm_2023,0.1,0.1,NA,NA,0.0872093023255814,3.5295357768083235,0.18317468836466683,0.9218447747110168,0.5016790013534683,0.23076923076923078,3.113694477402473,0.7867070840885068,0.6310815253122946,0.3013075446634157,2.8419999999999845
294,v2x_pubcorr,down,lightgbm_2023,run-11_lightgbm_2023,0.1,0.1,NA,NA,0.1008729388942774,3.493042083505182,0.2298094620110297,0.8993651979088872,0.4657979616958496,0.23076923076923078,3.1032347589906726,0.8106715689322177,0.598838483453868,0.27444164245494934,2.0720000000000027
295,v2x_pubcorr,down,lightgbm_2023,run-11_lightgbm_2023,0.1,0.1,NA,NA,0.10572259941804074,3.477795452485403,0.21646642236956254,0.9171625305976239,0.5395953027313348,0.23076923076923078,3.0608865961355707,0.8052273259642975,0.6058130615822923,0.27163616230222554,2.379000000000019
296,v2x_pubcorr,down,xgboost_2023,run-11_xgboost_2023,NA,NA,0.1,200,0.09108527131782945,3.5241258823860795,0.17974859346662864,0.9289797214535227,0.5562606078824335,0.23076923076923078,3.1247244055313144,0.7949307537085607,0.632325224632917,0.3090809645667383,25.968999999999998
297,v2x_pubcorr,down,xgboost_2023,run-11_xgboost_2023,NA,NA,0.1,200,0.10077519379844961,3.4937495150423348,0.2119299389640755,0.9149535809018567,0.507500797758443,0.23076923076923078,3.1322361414711093,0.8214729138060075,0.6194006136313829,0.30258803105798415,23.008999999999958
298,v2x_pubcorr,down,xgboost_2023,run-11_xgboost_2023,NA,NA,0.1,200,0.0872093023255814,3.54270133120422,0.1883571050245127,0.9169497523000708,0.49580280420303335,0.23076923076923078,3.1283700187135266,0.8191129858020008,0.6204251588866974,0.2912369404008374,22.19100000000003
299,v2x_pubcorr,down,xgboost_2023,run-11_xgboost_2023,NA,NA,0.1,200,0.1008729388942774,3.5042091523255476,0.2375639945460676,0.8963156584515808,0.450725945009959,0.23076923076923078,3.133620393248986,0.8135335129864771,0.608267587113741,0.30342235426559594,21.617999999999995
300,v2x_pubcorr,down,xgboost_2023,run-11_xgboost_2023,NA,NA,0.1,200,0.10572259941804074,3.483309407968435,0.21240684966725767,0.9211825110947482,0.5569476986565022,0.23076923076923078,3.1008072961958058,0.8175117184113198,0.6188143765066842,0.28583420180648106,22.436000000000007
